drop table AnalSales;
drop table QuarterSales;
drop table Anal2;
drop table Rent;



drop table members;
drop table franchises;
drop table questions;
drop table article;
drop table order_article;
drop sequence que_num_sq;
drop sequence frc_num_sq;
drop table order_article;


create table members(
mem_id varchar2(50),
mem_pw varchar2(50) not null,
mem_name varchar2(20) not null,
mem_dob number(20) not null,
mem_add varchar2(200) not null,
mem_tell varchar2(20) not null,
mem_gender varchar2(10) not null,
mem_grade varchar2(10) not null,
constraint member_id_pk primary key(mem_id),
constraint member_tell_uk unique(mem_tell),
constraint member_gender_ck check(mem_gender in('M','F')),
constraint member_grade_ck check(mem_grade in('A','B','C'))
);

insert into members values('aaa','aaa','aaa',960606,'aaa','0101','M','A');
insert into members values('admin','123','aaa',960606,'aaa','4017','M','A');



create table questions(
que_num number(10),
mem_id varchar2(50) not null,
que_adrress varchar2(20) not null,
que_arc number(20) not null,
que_que varchar2(1000) not null,
mem_tell varchar2(100) not null,
constraint questions_num_pk primary key(que_num),
constraint mem_id_fk foreign key(mem_id) references members(mem_id),
constraint mem_tell_fk foreign key(mem_tell) references members(mem_tell)
);



create sequence que_num_sq increment by 1 start with 1;



create table franchises(
frc_num number(30) ,
mem_id varchar2(50) not null,
frc_add varchar2(200) not null,
mem_tell varchar2(20) not null,
constraint franchises_num_pk primary key(frc_num),
constraint members_id_fk foreign key(mem_id) references members(mem_id),
constraint members_tell_fk foreign key(mem_tell) references members(mem_tell)
);


create sequence frc_num_sq increment by 1 start with 1;


create table article(
frc_num number(30) ,
art_id number(30) not null,
art_name varchar2(100),
art_price number(30),
art_stock number(30)
);
select * from article;
insert into article values(,,,)


create table order_article(
frc_num number(30),
art_id number(30),
order_count number(10),
art_order_price number(30)
);



CREATE TABLE Rent
(
 	 haengjeongdong    VARCHAR2(100)    NOT NULL, 
     haengjeonggu      VARCHAR2(100)    NULL, 
    bungi           NUMBER           NULL, 
    rentPm       NUMBER           NULL, 
     gagusu       NUMBER           NULL, 
      gagusPm      NUMBER           NULL, 
    CONSTRAINT Rent_PK PRIMARY KEY (haengjeongdong)
);


CREATE TABLE QuarterSales
(
    id    NUMBER    NOT NULL, 
    haengjeongdong    VARCHAR2(100) ,
    quarter           NUMBER           NULL, 
    SalesAmount       NUMBER           NULL, 
    CONSTRAINT QUARTERSALES_PK PRIMARY KEY (id)
);


CREATE TABLE Anal2
(
 	 haengjeongdong    VARCHAR2(100)    NOT NULL, 
     haengjeonggu      VARCHAR2(100)    NULL, 
    chickenNum           NUMBER           NULL, 
    bistroNum       NUMBER           NULL, 
     facilityNum       NUMBER           NULL, 
      bistroPm      NUMBER           NULL, 
       facilityPm       NUMBER           NULL, 
    CONSTRAINT Anal2_PK PRIMARY KEY (haengjeongdong)
);



CREATE TABLE AnalSales
(
    haengjeongdong  VARCHAR2(100)    NOT NULL, 
    haengjeonggu      VARCHAR2(100)    NULL, 
    SalesAmount       NUMBER           NULL, 
    MonSales          NUMBER           NULL, 
    TueSales          NUMBER           NULL, 
    WenSales          NUMBER           NULL, 
    ThrSales          NUMBER           NULL, 
    FriSalse          NUMBER           NULL, 
    SatSales          NUMBER           NULL, 
    SunSales          NUMBER           NULL, 
    MaleSales         NUMBER           NULL, 
    FeSalesSales      NUMBER           NULL, 
    age20Sales        NUMBER           NULL, 
    age40Sales        NUMBER           NULL, 
    age60Sales        NUMBER           NULL, 
    CONSTRAINT ANALSALES_PK PRIMARY KEY (haengjeongdong)
);

INSERT INTO Rent VALUES('청운효자동','종로구',130207,23,1087,-9);
INSERT INTO Rent VALUES('사직동','종로구',136152,28,347,-71);
INSERT INTO Rent VALUES('삼청동','종로구',177719,68,214,-82);
INSERT INTO Rent VALUES('부암동','종로구',91355,-14,725,-39);
INSERT INTO Rent VALUES('평창동','종로구',89026,-16,865,-27);
INSERT INTO Rent VALUES('교남동','종로구',193491,83,449,-63);
INSERT INTO Rent VALUES('가회동','종로구',154294,46,785,-34);
INSERT INTO Rent VALUES('종로1.2.3.4가동','종로구',204300,93,805,-32);
INSERT INTO Rent VALUES('종로5.6가동','종로구',257199,143,253,-79);
INSERT INTO Rent VALUES('이화동','종로구',129692,22,879,-26);
INSERT INTO Rent VALUES('혜화동','종로구',136165,28,884,-26);
INSERT INTO Rent VALUES('창신1동','종로구',166099,57,1000,-16);
INSERT INTO Rent VALUES('창신2동','종로구',81500,-23,407,-66);
INSERT INTO Rent VALUES('숭인1동','종로구',83943,-21,1170,-2);
INSERT INTO Rent VALUES('숭인2동','종로구',90092,-15,775,-35);
INSERT INTO Rent VALUES('소공동','중구',149349,41,1000,-16);
INSERT INTO Rent VALUES('회현동','중구',307654,191,491,-59);
INSERT INTO Rent VALUES('명동','중구',179208,69,23,-99);
INSERT INTO Rent VALUES('필동','중구',103082,-3,1000,-16);
INSERT INTO Rent VALUES('장충동','중구',94449,-11,963,-19);
INSERT INTO Rent VALUES('광희동','중구',182806,73,1000,-16);
INSERT INTO Rent VALUES('을지로동','중구',124007,17,46,-97);
INSERT INTO Rent VALUES('신당동','중구',360285,241,1835,55);
INSERT INTO Rent VALUES('다산동','중구',103873,-2,2026,71);
INSERT INTO Rent VALUES('약수동','중구',118546,12,347,-71);
INSERT INTO Rent VALUES('청구동','중구',91996,-13,1000,-16);
INSERT INTO Rent VALUES('신당5동','중구',129742,22,1838,55);
INSERT INTO Rent VALUES('동화동','중구',97244,-8,961,-19);
INSERT INTO Rent VALUES('황학동','중구',131588,24,1949,64);
INSERT INTO Rent VALUES('중림동','중구',111426,5,1000,-16);
INSERT INTO Rent VALUES('후암동','용산구',97799,-8,1253,5);
INSERT INTO Rent VALUES('용산2가동','용산구',93593,-12,1120,-6);
INSERT INTO Rent VALUES('남영동','용산구',93645,-12,1926,62);
INSERT INTO Rent VALUES('청파동','용산구',105276,-1,1100,-8);
INSERT INTO Rent VALUES('원효로1동','용산구',81362,-23,2091,76);
INSERT INTO Rent VALUES('원효로2동','용산구',88086,-17,834,-30);
INSERT INTO Rent VALUES('효창동','용산구',102721,-3,2001,69);
INSERT INTO Rent VALUES('용문동','용산구',113536,7,1223,3);
INSERT INTO Rent VALUES('한강로동','용산구',108322,2,279,-77);
INSERT INTO Rent VALUES('이촌1동','용산구',167197,58,1000,-16);
INSERT INTO Rent VALUES('이태원1동','용산구',163063,54,519,-57);
INSERT INTO Rent VALUES('이태원2동','용산구',127919,21,394,-67);
INSERT INTO Rent VALUES('한남동','용산구',130445,23,739,-38);
INSERT INTO Rent VALUES('서빙고동','용산구',114284,8,213,-82);
INSERT INTO Rent VALUES('보광동','용산구',93647,-12,1537,29);
INSERT INTO Rent VALUES('왕십리2동','성동구',80835,-24,596,-50);
INSERT INTO Rent VALUES('왕십리도선동','성동구',126004,19,950,-20);
INSERT INTO Rent VALUES('마장동','성동구',103003,-3,875,-27);
INSERT INTO Rent VALUES('사근동','성동구',113899,7,897,-25);
INSERT INTO Rent VALUES('행당1동','성동구',139979,32,2059,74);
INSERT INTO Rent VALUES('행당2동','성동구',104912,-1,1000,-16);
INSERT INTO Rent VALUES('응봉동','성동구',102039,-4,1000,-16);
INSERT INTO Rent VALUES('금호1가동','성동구',112704,6,1000,-16);
INSERT INTO Rent VALUES('금호2.3가동','성동구',117014,10,1064,-11);
INSERT INTO Rent VALUES('금호4가동','성동구',82179,-23,1000,-16);
INSERT INTO Rent VALUES('옥수동','성동구',141961,34,2373,100);
INSERT INTO Rent VALUES('성수1가1동','성동구',88942,-16,1502,26);
INSERT INTO Rent VALUES('성수1가2동','성동구',106834,1,1131,-5);
INSERT INTO Rent VALUES('성수2가1동','성동구',68222,-36,914,-23);
INSERT INTO Rent VALUES('성수2가3동','성동구',99364,-6,146,-88);
INSERT INTO Rent VALUES('송정동','성동구',83374,-22,661,-45);
INSERT INTO Rent VALUES('용답동','성동구',92871,-13,1613,36);
INSERT INTO Rent VALUES('화양동','광진구',131177,24,2316,95);
INSERT INTO Rent VALUES('군자동','광진구',97589,-8,1000,-16);
INSERT INTO Rent VALUES('중곡1동','광진구',80351,-24,2222,87);
INSERT INTO Rent VALUES('중곡2동','광진구',76465,-28,1997,68);
INSERT INTO Rent VALUES('중곡3동','광진구',71989,-32,986,-17);
INSERT INTO Rent VALUES('중곡4동','광진구',93739,-12,1140,-4);
INSERT INTO Rent VALUES('능동','광진구',113951,7,2702,128);
INSERT INTO Rent VALUES('광장동','광진구',111763,5,639,-46);
INSERT INTO Rent VALUES('자양1동','광진구',113932,7,1406,18);
INSERT INTO Rent VALUES('자양2동','광진구',90579,-15,1696,43);
INSERT INTO Rent VALUES('자양3동','광진구',129440,22,1071,-10);
INSERT INTO Rent VALUES('자양4동','광진구',120969,14,1901,60);
INSERT INTO Rent VALUES('구의1동','광진구',89252,-16,1000,-16);
INSERT INTO Rent VALUES('구의2동','광진구',116120,9,1000,-16);
INSERT INTO Rent VALUES('구의3동','광진구',91608,-14,1000,-16);
INSERT INTO Rent VALUES('용신동','동대문구',78793,-26,111,-91);
INSERT INTO Rent VALUES('제기동','동대문구',91771,-14,927,-22);
INSERT INTO Rent VALUES('전농1동','동대문구',82392,-22,1113,-6);
INSERT INTO Rent VALUES('전농2동','동대문구',96421,-9,1006,-15);
INSERT INTO Rent VALUES('답십리1동','동대문구',102289,-4,860,-28);
INSERT INTO Rent VALUES('답십리2동','동대문구',77443,-27,1729,46);
INSERT INTO Rent VALUES('장안1동','동대문구',76325,-28,1384,16);
INSERT INTO Rent VALUES('장안2동','동대문구',79725,-25,656,-45);
INSERT INTO Rent VALUES('청량리동','동대문구',77813,-27,1898,60);
INSERT INTO Rent VALUES('회기동','동대문구',122299,15,414,-66);
INSERT INTO Rent VALUES('휘경1동','동대문구',95578,-10,252,-79);
INSERT INTO Rent VALUES('휘경2동','동대문구',105126,-1,1557,31);
INSERT INTO Rent VALUES('이문1동','동대문구',103328,-3,1051,-12);
INSERT INTO Rent VALUES('이문2동','동대문구',59458,-44,1676,41);
INSERT INTO Rent VALUES('면목2동','중랑구',60724,-43,2339,97);
INSERT INTO Rent VALUES('면목4동','중랑구',53844,-49,917,-23);
INSERT INTO Rent VALUES('면목5동','중랑구',57709,-46,1000,-16);
INSERT INTO Rent VALUES('면목본동','중랑구',82485,-22,1242,4);
INSERT INTO Rent VALUES('면목7동','중랑구',117778,11,1341,13);
INSERT INTO Rent VALUES('면목3.8동','중랑구',80536,-24,728,-39);
INSERT INTO Rent VALUES('상봉1동','중랑구',93308,-12,1350,14);
INSERT INTO Rent VALUES('상봉2동','중랑구',90595,-15,2378,101);
INSERT INTO Rent VALUES('중화1동','중랑구',59213,-44,1547,30);
INSERT INTO Rent VALUES('중화2동','중랑구',83393,-22,1422,20);
INSERT INTO Rent VALUES('묵1동','중랑구',86018,-19,565,-53);
INSERT INTO Rent VALUES('묵2동','중랑구',64077,-40,1362,15);
INSERT INTO Rent VALUES('망우본동','중랑구',70275,-34,1154,-3);
INSERT INTO Rent VALUES('망우3동','중랑구',52717,-51,1396,18);
INSERT INTO Rent VALUES('신내1동','중랑구',79824,-25,1458,23);
INSERT INTO Rent VALUES('신내2동','중랑구',96612,-9,1000,-16);
INSERT INTO Rent VALUES('성북동','성북구',118593,12,644,-46);
INSERT INTO Rent VALUES('삼선동','성북구',93204,-12,215,-82);
INSERT INTO Rent VALUES('동선동','성북구',113902,7,1299,9);
INSERT INTO Rent VALUES('돈암1동','성북구',76791,-28,1000,-16);
INSERT INTO Rent VALUES('안암동','성북구',88648,-17,947,-20);
INSERT INTO Rent VALUES('보문동','성북구',81943,-23,1264,6);
INSERT INTO Rent VALUES('정릉1동','성북구',64566,-39,1000,-16);
INSERT INTO Rent VALUES('정릉2동','성북구',75964,-29,826,-31);
INSERT INTO Rent VALUES('정릉3동','성북구',100436,-5,893,-25);
INSERT INTO Rent VALUES('정릉4동','성북구',111597,5,1236,4);
INSERT INTO Rent VALUES('길음1동','성북구',147630,39,172,-86);
INSERT INTO Rent VALUES('길음2동','성북구',94100,-11,374,-69);
INSERT INTO Rent VALUES('종암동','성북구',90431,-15,1818,53);
INSERT INTO Rent VALUES('월곡1동','성북구',76066,-28,838,-30);
INSERT INTO Rent VALUES('월곡2동','성북구',77493,-27,1497,26);
INSERT INTO Rent VALUES('장위1동','성북구',50320,-53,839,-30);
INSERT INTO Rent VALUES('장위2동','성북구',67607,-36,1270,7);
INSERT INTO Rent VALUES('장위3동','성북구',83285,-22,153,-88);
INSERT INTO Rent VALUES('석관동','성북구',81557,-23,587,-51);
INSERT INTO Rent VALUES('삼양동','강북구',81331,-23,2073,75);
INSERT INTO Rent VALUES('미아동','강북구',89577,-16,1733,46);
INSERT INTO Rent VALUES('송중동','강북구',94076,-11,1357,14);
INSERT INTO Rent VALUES('송천동','강북구',86023,-19,796,-33);
INSERT INTO Rent VALUES('삼각산동','강북구',140518,33,483,-60);
INSERT INTO Rent VALUES('번1동','강북구',82874,-22,1624,37);
INSERT INTO Rent VALUES('번2동','강북구',79940,-25,949,-20);
INSERT INTO Rent VALUES('번3동','강북구',77820,-27,1045,-12);
INSERT INTO Rent VALUES('수유1동','강북구',80310,-24,1387,17);
INSERT INTO Rent VALUES('수유2동','강북구',91115,-14,593,-50);
INSERT INTO Rent VALUES('수유3동','강북구',106704,1,1222,3);
INSERT INTO Rent VALUES('우이동','강북구',70431,-34,1000,-16);
INSERT INTO Rent VALUES('인수동','강북구',59470,-44,1416,19);
INSERT INTO Rent VALUES('창1동','도봉구',67263,-37,2543,114);
INSERT INTO Rent VALUES('창2동','도봉구',73433,-31,1000,-16);
INSERT INTO Rent VALUES('창3동','도봉구',81634,-23,1102,-7);
INSERT INTO Rent VALUES('창4동','도봉구',132533,25,1000,-16);
INSERT INTO Rent VALUES('창5동','도봉구',93140,-12,770,-35);
INSERT INTO Rent VALUES('도봉1동','도봉구',89269,-16,1477,24);
INSERT INTO Rent VALUES('도봉2동','도봉구',73602,-31,381,-68);
INSERT INTO Rent VALUES('쌍문2동','도봉구',81575,-23,1793,51);
INSERT INTO Rent VALUES('쌍문3동','도봉구',89270,-16,992,-17);
INSERT INTO Rent VALUES('쌍문4동','도봉구',69920,-34,1000,-16);
INSERT INTO Rent VALUES('방학1동','도봉구',101020,-5,1838,55);
INSERT INTO Rent VALUES('방학2동','도봉구',70324,-34,782,-34);
INSERT INTO Rent VALUES('방학3동','도봉구',57152,-46,1194,0);
INSERT INTO Rent VALUES('월계1동','노원구',112262,6,1005,-16);
INSERT INTO Rent VALUES('월계3동','노원구',136928,29,1000,-16);
INSERT INTO Rent VALUES('공릉1동','노원구',91293,-14,1528,29);
INSERT INTO Rent VALUES('공릉2동','노원구',106708,1,1000,-16);
INSERT INTO Rent VALUES('하계1동','노원구',90983,-14,673,-44);
INSERT INTO Rent VALUES('하계2동','노원구',161762,53,1000,-16);
INSERT INTO Rent VALUES('중계본동','노원구',84135,-21,1000,-16);
INSERT INTO Rent VALUES('중계1동','노원구',129795,22,1000,-16);
INSERT INTO Rent VALUES('중계4동','노원구',103839,-2,715,-40);
INSERT INTO Rent VALUES('중계2.3동','노원구',139386,32,1000,-16);
INSERT INTO Rent VALUES('상계1동','노원구',99173,-7,1044,-12);
INSERT INTO Rent VALUES('상계2동','노원구',139350,32,1680,42);
INSERT INTO Rent VALUES('상계3.4동','노원구',67397,-37,1000,-16);
INSERT INTO Rent VALUES('상계5동','노원구',64639,-39,1208,2);
INSERT INTO Rent VALUES('상계6.7동','노원구',120098,13,1000,-16);
INSERT INTO Rent VALUES('상계8동','노원구',99266,-6,1000,-16);
INSERT INTO Rent VALUES('상계9동','노원구',106399,0,1000,-16);
INSERT INTO Rent VALUES('녹번동','은평구',82967,-22,1400,18);
INSERT INTO Rent VALUES('불광1동','은평구',97211,-8,1000,-16);
INSERT INTO Rent VALUES('불광2동','은평구',97143,-8,999,-16);
INSERT INTO Rent VALUES('갈현1동','은평구',94584,-11,1526,28);
INSERT INTO Rent VALUES('갈현2동','은평구',87231,-18,1546,30);
INSERT INTO Rent VALUES('구산동','은평구',80761,-24,1000,-16);
INSERT INTO Rent VALUES('대조동','은평구',119157,12,1316,11);
INSERT INTO Rent VALUES('응암1동','은평구',99971,-6,1239,4);
INSERT INTO Rent VALUES('응암2동','은평구',98038,-8,1000,-16);
INSERT INTO Rent VALUES('응암3동','은평구',86084,-19,1668,40);
INSERT INTO Rent VALUES('역촌동','은평구',83370,-22,1018,-14);
INSERT INTO Rent VALUES('신사1동','은평구',84566,-20,1094,-8);
INSERT INTO Rent VALUES('신사2동','은평구',86088,-19,1156,-3);
INSERT INTO Rent VALUES('증산동','은평구',69044,-35,931,-22);
INSERT INTO Rent VALUES('수색동','은평구',78315,-26,530,-56);
INSERT INTO Rent VALUES('진관동','은평구',109877,4,1000,-16);
INSERT INTO Rent VALUES('천연동','서대문구',96933,-9,1957,65);
INSERT INTO Rent VALUES('북아현동','서대문구',79442,-25,1887,59);
INSERT INTO Rent VALUES('충현동','서대문구',97499,-8,315,-74);
INSERT INTO Rent VALUES('신촌동','서대문구',134934,27,1000,-16);
INSERT INTO Rent VALUES('연희동','서대문구',94075,-11,2314,95);
INSERT INTO Rent VALUES('홍제1동','서대문구',125835,19,873,-27);
INSERT INTO Rent VALUES('홍제3동','서대문구',93419,-12,1183,-1);
INSERT INTO Rent VALUES('홍제2동','서대문구',135746,28,710,-40);
INSERT INTO Rent VALUES('홍은1동','서대문구',69108,-35,534,-55);
INSERT INTO Rent VALUES('홍은2동','서대문구',86138,-19,1458,23);
INSERT INTO Rent VALUES('남가좌1동','서대문구',123168,16,3712,213);
INSERT INTO Rent VALUES('남가좌2동','서대문구',95690,-10,1327,12);
INSERT INTO Rent VALUES('북가좌1동','서대문구',81727,-23,1514,27);
INSERT INTO Rent VALUES('북가좌2동','서대문구',76181,-28,1846,56);
INSERT INTO Rent VALUES('아현동','마포구',121415,15,586,-51);
INSERT INTO Rent VALUES('공덕동','마포구',89616,-16,1194,0);
INSERT INTO Rent VALUES('도화동','마포구',133845,26,1548,30);
INSERT INTO Rent VALUES('용강동','마포구',118648,12,956,-20);
INSERT INTO Rent VALUES('대흥동','마포구',107762,2,2095,77);
INSERT INTO Rent VALUES('염리동','마포구',113738,7,979,-18);
INSERT INTO Rent VALUES('신수동','마포구',83049,-22,1110,-7);
INSERT INTO Rent VALUES('서강동','마포구',129523,22,444,-63);
INSERT INTO Rent VALUES('서교동','마포구',132061,25,995,-16);
INSERT INTO Rent VALUES('합정동','마포구',131357,24,722,-39);
INSERT INTO Rent VALUES('망원1동','마포구',121410,15,2111,78);
INSERT INTO Rent VALUES('망원2동','마포구',108576,2,966,-19);
INSERT INTO Rent VALUES('연남동','마포구',117506,11,711,-40);
INSERT INTO Rent VALUES('성산1동','마포구',94356,-11,1660,40);
INSERT INTO Rent VALUES('성산2동','마포구',103996,-2,902,-24);
INSERT INTO Rent VALUES('상암동','마포구',150053,42,1578,33);
INSERT INTO Rent VALUES('목1동','양천구',124170,17,800,-33);
INSERT INTO Rent VALUES('목2동','양천구',93072,-12,528,-56);
INSERT INTO Rent VALUES('목3동','양천구',95632,-10,1052,-12);
INSERT INTO Rent VALUES('목4동','양천구',92877,-13,1019,-14);
INSERT INTO Rent VALUES('목5동','양천구',155150,46,1000,-16);
INSERT INTO Rent VALUES('신월1동','양천구',77518,-27,1640,38);
INSERT INTO Rent VALUES('신월2동','양천구',68869,-35,1554,31);
INSERT INTO Rent VALUES('신월3동','양천구',58997,-45,1322,11);
INSERT INTO Rent VALUES('신월4동','양천구',71442,-33,2045,72);
INSERT INTO Rent VALUES('신월5동','양천구',70245,-34,1625,37);
INSERT INTO Rent VALUES('신월6동','양천구',76570,-28,333,-72);
INSERT INTO Rent VALUES('신월7동','양천구',79445,-25,2162,82);
INSERT INTO Rent VALUES('신정1동','양천구',92973,-12,398,-67);
INSERT INTO Rent VALUES('신정2동','양천구',108799,3,534,-55);
INSERT INTO Rent VALUES('신정3동','양천구',92810,-13,575,-52);
INSERT INTO Rent VALUES('신정4동','양천구',84807,-20,976,-18);
INSERT INTO Rent VALUES('신정6동','양천구',137358,30,1000,-16);
INSERT INTO Rent VALUES('신정7동','양천구',138162,30,420,-65);
INSERT INTO Rent VALUES('염창동','강서구',93972,-11,1314,11);
INSERT INTO Rent VALUES('등촌1동','강서구',88872,-16,745,-38);
INSERT INTO Rent VALUES('등촌2동','강서구',93361,-12,1358,14);
INSERT INTO Rent VALUES('등촌3동','강서구',105520,-1,1000,-16);
INSERT INTO Rent VALUES('화곡1동','강서구',89884,-15,1425,20);
INSERT INTO Rent VALUES('화곡2동','강서구',77096,-27,1243,5);
INSERT INTO Rent VALUES('화곡3동','강서구',102761,-3,1859,57);
INSERT INTO Rent VALUES('화곡4동','강서구',98376,-7,1527,29);
INSERT INTO Rent VALUES('화곡본동','강서구',97690,-8,1737,46);
INSERT INTO Rent VALUES('화곡6동','강서구',96284,-9,1487,25);
INSERT INTO Rent VALUES('화곡8동','강서구',111508,5,2941,148);
INSERT INTO Rent VALUES('가양1동','강서구',135288,28,635,-47);
INSERT INTO Rent VALUES('가양2동','강서구',111177,5,1000,-16);
INSERT INTO Rent VALUES('가양3동','강서구',111186,5,1000,-16);
INSERT INTO Rent VALUES('발산1동','강서구',82234,-23,1590,34);
INSERT INTO Rent VALUES('우장산동','강서구',105798,0,176,-86);
INSERT INTO Rent VALUES('공항동','강서구',94886,-11,1633,38);
INSERT INTO Rent VALUES('방화1동','강서구',96539,-9,1180,-1);
INSERT INTO Rent VALUES('방화2동','강서구',68611,-36,1934,63);
INSERT INTO Rent VALUES('방화3동','강서구',107941,2,1000,-16);
INSERT INTO Rent VALUES('신도림동','구로구',121070,14,259,-79);
INSERT INTO Rent VALUES('구로1동','구로구',92549,-13,1000,-16);
INSERT INTO Rent VALUES('구로2동','구로구',97346,-8,1000,-16);
INSERT INTO Rent VALUES('구로3동','구로구',126261,19,1000,-16);
INSERT INTO Rent VALUES('구로4동','구로구',129019,22,1000,-16);
INSERT INTO Rent VALUES('구로5동','구로구',112488,6,1000,-16);
INSERT INTO Rent VALUES('가리봉동','구로구',90552,-15,701,-41);
INSERT INTO Rent VALUES('고척1동','구로구',109474,3,858,-28);
INSERT INTO Rent VALUES('고척2동','구로구',75169,-29,1971,66);
INSERT INTO Rent VALUES('개봉1동','구로구',69709,-34,1117,-6);
INSERT INTO Rent VALUES('개봉2동','구로구',124221,17,2272,92);
INSERT INTO Rent VALUES('개봉3동','구로구',82500,-22,2179,84);
INSERT INTO Rent VALUES('오류1동','구로구',125827,19,1527,29);
INSERT INTO Rent VALUES('오류2동','구로구',78412,-26,1065,-10);
INSERT INTO Rent VALUES('수궁동','구로구',59838,-44,1067,-10);
INSERT INTO Rent VALUES('가산동','금천구',101335,-5,2154,82);
INSERT INTO Rent VALUES('독산1동','금천구',97992,-8,776,-35);
INSERT INTO Rent VALUES('독산2동','금천구',71679,-33,1057,-11);
INSERT INTO Rent VALUES('독산3동','금천구',78972,-26,1012,-15);
INSERT INTO Rent VALUES('독산4동','금천구',99474,-6,1452,22);
INSERT INTO Rent VALUES('시흥1동','금천구',90024,-15,836,-30);
INSERT INTO Rent VALUES('시흥2동','금천구',154398,46,1000,-16);
INSERT INTO Rent VALUES('시흥3동','금천구',108759,3,1347,13);
INSERT INTO Rent VALUES('시흥4동','금천구',97892,-8,1149,-3);
INSERT INTO Rent VALUES('시흥5동','금천구',102476,-3,2010,69);
INSERT INTO Rent VALUES('영등포본동','영등포구',96768,-9,1474,24);
INSERT INTO Rent VALUES('영등포동','영등포구',112547,6,2129,79);
INSERT INTO Rent VALUES('여의동','영등포구',129827,22,1000,-16);
INSERT INTO Rent VALUES('당산1동','영등포구',71850,-32,571,-52);
INSERT INTO Rent VALUES('당산2동','영등포구',105645,0,786,-34);
INSERT INTO Rent VALUES('도림동','영등포구',69477,-35,1134,-5);
INSERT INTO Rent VALUES('문래동','영등포구',84204,-21,198,-84);
INSERT INTO Rent VALUES('양평1동','영등포구',84029,-21,735,-38);
INSERT INTO Rent VALUES('양평2동','영등포구',86758,-18,1881,58);
INSERT INTO Rent VALUES('신길1동','영등포구',93848,-12,433,-64);
INSERT INTO Rent VALUES('신길3동','영등포구',91617,-14,896,-25);
INSERT INTO Rent VALUES('신길4동','영등포구',54799,-49,1292,9);
INSERT INTO Rent VALUES('신길5동','영등포구',68114,-36,270,-78);
INSERT INTO Rent VALUES('신길6동','영등포구',98552,-7,766,-36);
INSERT INTO Rent VALUES('신길7동','영등포구',99743,-6,222,-82);
INSERT INTO Rent VALUES('대림1동','영등포구',93139,-12,1939,63);
INSERT INTO Rent VALUES('대림2동','영등포구',92327,-13,566,-53);
INSERT INTO Rent VALUES('대림3동','영등포구',73520,-31,1137,-4);
INSERT INTO Rent VALUES('노량진1동','동작구',145800,38,711,-40);
INSERT INTO Rent VALUES('노량진2동','동작구',118078,11,1619,36);
INSERT INTO Rent VALUES('상도1동','동작구',104246,-2,713,-40);
INSERT INTO Rent VALUES('상도2동','동작구',112710,6,2191,85);
INSERT INTO Rent VALUES('상도3동','동작구',140816,33,1851,56);
INSERT INTO Rent VALUES('상도4동','동작구',83224,-22,713,-40);
INSERT INTO Rent VALUES('흑석동','동작구',103892,-2,866,-27);
INSERT INTO Rent VALUES('사당1동','동작구',105799,0,1492,26);
INSERT INTO Rent VALUES('사당2동','동작구',127937,21,350,-71);
INSERT INTO Rent VALUES('사당3동','동작구',106246,0,512,-57);
INSERT INTO Rent VALUES('사당4동','동작구',92224,-13,1140,-4);
INSERT INTO Rent VALUES('사당5동','동작구',70408,-34,1531,29);
INSERT INTO Rent VALUES('대방동','동작구',93653,-12,1902,60);
INSERT INTO Rent VALUES('신대방1동','동작구',90284,-15,2197,85);
INSERT INTO Rent VALUES('신대방2동','동작구',113104,7,828,-31);
INSERT INTO Rent VALUES('보라매동','관악구',88368,-17,1000,-16);
INSERT INTO Rent VALUES('청림동','관악구',139876,32,1019,-14);
INSERT INTO Rent VALUES('성현동','관악구',91231,-14,578,-52);
INSERT INTO Rent VALUES('행운동','관악구',95664,-10,1116,-6);
INSERT INTO Rent VALUES('낙성대동','관악구',115460,9,2650,123);
INSERT INTO Rent VALUES('청룡동','관악구',111433,5,525,-56);
INSERT INTO Rent VALUES('은천동','관악구',105505,-1,2363,99);
INSERT INTO Rent VALUES('중앙동','관악구',107159,1,2698,128);
INSERT INTO Rent VALUES('인헌동','관악구',91814,-14,3333,181);
INSERT INTO Rent VALUES('남현동','관악구',102580,-3,1521,28);
INSERT INTO Rent VALUES('서원동','관악구',145166,37,1504,27);
INSERT INTO Rent VALUES('신원동','관악구',118364,12,1742,47);
INSERT INTO Rent VALUES('서림동','관악구',87385,-18,2428,105);
INSERT INTO Rent VALUES('신사동','관악구',93929,-12,2398,102);
INSERT INTO Rent VALUES('신림동','관악구',125713,19,2550,115);
INSERT INTO Rent VALUES('난향동','관악구',74218,-30,1351,14);
INSERT INTO Rent VALUES('조원동','관악구',79140,-26,1004,-16);
INSERT INTO Rent VALUES('대학동','관악구',114683,8,2356,99);
INSERT INTO Rent VALUES('삼성동','관악구',69652,-35,901,-24);
INSERT INTO Rent VALUES('미성동','관악구',93846,-12,1033,-13);
INSERT INTO Rent VALUES('난곡동','관악구',121819,15,1159,-3);
INSERT INTO Rent VALUES('서초1동','서초구',111354,5,716,-40);
INSERT INTO Rent VALUES('서초2동','서초구',145067,37,908,-24);
INSERT INTO Rent VALUES('서초3동','서초구',108758,3,669,-44);
INSERT INTO Rent VALUES('서초4동','서초구',130626,23,1000,-16);
INSERT INTO Rent VALUES('잠원동','서초구',119422,13,1360,14);
INSERT INTO Rent VALUES('반포본동','서초구',112837,6,1000,-16);
INSERT INTO Rent VALUES('반포1동','서초구',143844,36,817,-31);
INSERT INTO Rent VALUES('반포3동','서초구',146634,38,1000,-16);
INSERT INTO Rent VALUES('반포4동','서초구',150063,42,716,-40);
INSERT INTO Rent VALUES('방배본동','서초구',100833,-5,1453,22);
INSERT INTO Rent VALUES('방배1동','서초구',110392,4,830,-30);
INSERT INTO Rent VALUES('방배2동','서초구',111301,5,598,-50);
INSERT INTO Rent VALUES('방배3동','서초구',106838,1,618,-48);
INSERT INTO Rent VALUES('방배4동','서초구',101475,-4,557,-53);
INSERT INTO Rent VALUES('양재1동','서초구',102468,-3,537,-55);
INSERT INTO Rent VALUES('양재2동','서초구',77148,-27,1826,54);
INSERT INTO Rent VALUES('내곡동','서초구',113541,7,1000,-16);
INSERT INTO Rent VALUES('신사동','강남구',121206,14,2398,102);
INSERT INTO Rent VALUES('논현1동','강남구',122017,15,902,-24);
INSERT INTO Rent VALUES('논현2동','강남구',123117,16,541,-55);
INSERT INTO Rent VALUES('압구정동','강남구',138878,31,1000,-16);
INSERT INTO Rent VALUES('청담동','강남구',138239,30,378,-69);
INSERT INTO Rent VALUES('삼성1동','강남구',186207,76,806,-32);
INSERT INTO Rent VALUES('삼성2동','강남구',142001,34,836,-30);
INSERT INTO Rent VALUES('대치1동','강남구',221643,109,522,-56);
INSERT INTO Rent VALUES('대치2동','강남구',161872,53,934,-22);
INSERT INTO Rent VALUES('대치4동','강남구',137898,30,2059,74);
INSERT INTO Rent VALUES('역삼1동','강남구',146109,38,1353,14);
INSERT INTO Rent VALUES('역삼2동','강남구',146409,38,3117,163);
INSERT INTO Rent VALUES('도곡1동','강남구',133647,26,1124,-5);
INSERT INTO Rent VALUES('도곡2동','강남구',127167,20,655,-45);
INSERT INTO Rent VALUES('개포2동','강남구',132667,25,25,-98);
INSERT INTO Rent VALUES('개포4동','강남구',65679,-38,1590,34);
INSERT INTO Rent VALUES('세곡동','강남구',117493,11,1000,-16);
INSERT INTO Rent VALUES('일원본동','강남구',154667,46,1000,-16);
INSERT INTO Rent VALUES('일원1동','강남구',100846,-5,1011,-15);
INSERT INTO Rent VALUES('일원2동','강남구',116941,10,1000,-16);
INSERT INTO Rent VALUES('수서동','강남구',107283,1,1000,-16);
INSERT INTO Rent VALUES('풍납1동','송파구',74918,-30,927,-22);
INSERT INTO Rent VALUES('풍납2동','송파구',94932,-11,1000,-16);
INSERT INTO Rent VALUES('거여1동','송파구',70360,-34,1000,-16);
INSERT INTO Rent VALUES('거여2동','송파구',86263,-19,1000,-16);
INSERT INTO Rent VALUES('마천1동','송파구',78483,-26,1000,-16);
INSERT INTO Rent VALUES('마천2동','송파구',88328,-17,1655,39);
INSERT INTO Rent VALUES('방이1동','송파구',93419,-12,605,-49);
INSERT INTO Rent VALUES('방이2동','송파구',100090,-6,3604,204);
INSERT INTO Rent VALUES('오륜동','송파구',263113,149,1000,-16);
INSERT INTO Rent VALUES('오금동','송파구',73953,-30,1031,-13);
INSERT INTO Rent VALUES('송파1동','송파구',94236,-11,2092,76);
INSERT INTO Rent VALUES('송파2동','송파구',78742,-26,1000,-16);
INSERT INTO Rent VALUES('석촌동','송파구',96870,-9,3415,188);
INSERT INTO Rent VALUES('삼전동','송파구',118577,12,1397,18);
INSERT INTO Rent VALUES('가락본동','송파구',101051,-5,976,-18);
INSERT INTO Rent VALUES('가락1동','송파구',124804,18,1000,-16);
INSERT INTO Rent VALUES('가락2동','송파구',88385,-17,1332,12);
INSERT INTO Rent VALUES('문정1동','송파구',77873,-27,2442,106);
INSERT INTO Rent VALUES('문정2동','송파구',124538,17,1000,-16);
INSERT INTO Rent VALUES('장지동','송파구',83876,-21,1000,-16);
INSERT INTO Rent VALUES('위례동','송파구',146617,38,1000,-16);
INSERT INTO Rent VALUES('잠실본동','송파구',128941,22,3534,198);
INSERT INTO Rent VALUES('잠실2동','송파구',287231,172,1000,-16);
INSERT INTO Rent VALUES('잠실3동','송파구',272964,158,1000,-16);
INSERT INTO Rent VALUES('잠실4동','송파구',237755,125,1000,-16);
INSERT INTO Rent VALUES('잠실6동','송파구',165888,57,1000,-16);
INSERT INTO Rent VALUES('강일동','강동구',131859,24,1000,-16);
INSERT INTO Rent VALUES('상일동','강동구',67640,-36,509,-57);
INSERT INTO Rent VALUES('명일1동','강동구',101166,-5,1208,2);
INSERT INTO Rent VALUES('명일2동','강동구',81829,-23,1071,-10);
INSERT INTO Rent VALUES('고덕1동','강동구',123125,16,623,-48);
INSERT INTO Rent VALUES('고덕2동','강동구',124925,18,821,-31);
INSERT INTO Rent VALUES('암사1동','강동구',91783,-14,1011,-15);
INSERT INTO Rent VALUES('암사2동','강동구',89903,-15,966,-19);
INSERT INTO Rent VALUES('암사3동','강동구',98212,-7,559,-53);
INSERT INTO Rent VALUES('천호1동','강동구',69588,-35,2111,78);
INSERT INTO Rent VALUES('천호2동','강동구',98079,-8,1599,35);
INSERT INTO Rent VALUES('천호3동','강동구',102771,-3,3952,234);
INSERT INTO Rent VALUES('성내1동','강동구',78746,-26,1351,14);
INSERT INTO Rent VALUES('성내2동','강동구',93870,-12,1185,0);
INSERT INTO Rent VALUES('성내3동','강동구',101846,-4,1622,37);
INSERT INTO Rent VALUES('길동','강동구',86869,-18,675,-43);
INSERT INTO Rent VALUES('둔촌2동','강동구',69272,-35,1274,7);




INSERT INTO QuarterSales VALUES(1,'종로1.2.3.4가동',1,73198600);
INSERT INTO QuarterSales VALUES(2,'신촌동',1,43862431);
INSERT INTO QuarterSales VALUES(3,'소공동',1,75536462);
INSERT INTO QuarterSales VALUES(4,'역삼1동',1,82552224);
INSERT INTO QuarterSales VALUES(5,'서교동',1,49437020);
INSERT INTO QuarterSales VALUES(6,'동선동',1,65410679);
INSERT INTO QuarterSales VALUES(7,'명동',1,122296964);
INSERT INTO QuarterSales VALUES(8,'논현1동',1,49578039);
INSERT INTO QuarterSales VALUES(9,'화양동',1,65278427);
INSERT INTO QuarterSales VALUES(10,'상암동',1,65721896);
INSERT INTO QuarterSales VALUES(11,'목1동',1,192919517);
INSERT INTO QuarterSales VALUES(12,'상계2동',1,33160065);
INSERT INTO QuarterSales VALUES(13,'잠실본동',1,70045232);
INSERT INTO QuarterSales VALUES(14,'신사동',1,30397699);
INSERT INTO QuarterSales VALUES(15,'남가좌2동',1,42920550);
INSERT INTO QuarterSales VALUES(16,'대치4동',1,93316802);
INSERT INTO QuarterSales VALUES(17,'서초3동',1,80982485);
INSERT INTO QuarterSales VALUES(18,'서초4동',1,117266210);
INSERT INTO QuarterSales VALUES(19,'반포1동',1,35393679);
INSERT INTO QuarterSales VALUES(20,'삼성1동',1,97516451);
INSERT INTO QuarterSales VALUES(21,'가락본동',1,58640007);
INSERT INTO QuarterSales VALUES(22,'서초2동',1,116936067);
INSERT INTO QuarterSales VALUES(23,'신내1동',1,69864043);
INSERT INTO QuarterSales VALUES(24,'성내2동',1,225521715);
INSERT INTO QuarterSales VALUES(25,'도화동',1,51531437);
INSERT INTO QuarterSales VALUES(26,'사직동',1,59323111);
INSERT INTO QuarterSales VALUES(27,'시흥1동',1,33223352);
INSERT INTO QuarterSales VALUES(28,'영등포동',1,32907719);
INSERT INTO QuarterSales VALUES(29,'군자동',1,172938352);
INSERT INTO QuarterSales VALUES(30,'여의동',1,79349509);
INSERT INTO QuarterSales VALUES(31,'종로5.6가동',1,43154051);
INSERT INTO QuarterSales VALUES(32,'부암동',1,672492718);
INSERT INTO QuarterSales VALUES(33,'충현동',1,165419012);
INSERT INTO QuarterSales VALUES(34,'논현2동',1,143335172);
INSERT INTO QuarterSales VALUES(35,'혜화동',1,48374792);
INSERT INTO QuarterSales VALUES(36,'서원동',1,96686246);
INSERT INTO QuarterSales VALUES(37,'사근동',1,69887334);
INSERT INTO QuarterSales VALUES(38,'대치2동',1,68380813);
INSERT INTO QuarterSales VALUES(39,'방배1동',1,87868727);
INSERT INTO QuarterSales VALUES(40,'신대방2동',1,49525806);
INSERT INTO QuarterSales VALUES(41,'가산동',1,44674723);
INSERT INTO QuarterSales VALUES(42,'상도3동',1,37148839);
INSERT INTO QuarterSales VALUES(43,'오륜동',1,63842291);
INSERT INTO QuarterSales VALUES(44,'방이2동',1,72885166);
INSERT INTO QuarterSales VALUES(45,'행운동',1,32592486);
INSERT INTO QuarterSales VALUES(46,'양평2동',1,59224785);
INSERT INTO QuarterSales VALUES(47,'망원1동',1,78468894);
INSERT INTO QuarterSales VALUES(48,'양재2동',1,37120604);
INSERT INTO QuarterSales VALUES(50,'안암동',1,44703943);
INSERT INTO QuarterSales VALUES(51,'갈현1동',1,27663183);
INSERT INTO QuarterSales VALUES(52,'공릉1동',1,56698435);
INSERT INTO QuarterSales VALUES(54,'천호2동',1,36252528);
INSERT INTO QuarterSales VALUES(55,'동화동',1,135464995);
INSERT INTO QuarterSales VALUES(56,'중계4동',1,48607269);
INSERT INTO QuarterSales VALUES(58,'대치1동',1,64980620);
INSERT INTO QuarterSales VALUES(59,'대학동',1,29768809);
INSERT INTO QuarterSales VALUES(60,'독산4동',1,43026001);
INSERT INTO QuarterSales VALUES(61,'오금동',1,74697331);
INSERT INTO QuarterSales VALUES(62,'이촌1동',1,87455786);
INSERT INTO QuarterSales VALUES(63,'역삼2동',1,63370081);
INSERT INTO QuarterSales VALUES(64,'화곡1동',1,43930322);
INSERT INTO QuarterSales VALUES(65,'왕십리도선동',1,82972757);
INSERT INTO QuarterSales VALUES(66,'청파동',1,81661161);
INSERT INTO QuarterSales VALUES(67,'방배본동',1,86799516);
INSERT INTO QuarterSales VALUES(68,'응암3동',1,28530780);
INSERT INTO QuarterSales VALUES(70,'이화동',1,49573224);
INSERT INTO QuarterSales VALUES(71,'등촌3동',1,127687223);
INSERT INTO QuarterSales VALUES(72,'구의2동',1,33669992);
INSERT INTO QuarterSales VALUES(73,'구로4동',1,69056586);
INSERT INTO QuarterSales VALUES(74,'필동',1,40053677);
INSERT INTO QuarterSales VALUES(75,'오류2동',1,72427161);
INSERT INTO QuarterSales VALUES(76,'남현동',1,69907096);
INSERT INTO QuarterSales VALUES(77,'압구정동',1,44668952);
INSERT INTO QuarterSales VALUES(78,'신도림동',1,48113488);
INSERT INTO QuarterSales VALUES(79,'사당2동',1,33606771);
INSERT INTO QuarterSales VALUES(80,'길동',1,38842060);
INSERT INTO QuarterSales VALUES(81,'용문동',1,17400197);
INSERT INTO QuarterSales VALUES(82,'화곡6동',1,37473277);
INSERT INTO QuarterSales VALUES(83,'송중동',1,24044582);
INSERT INTO QuarterSales VALUES(84,'사당4동',1,58190134);
INSERT INTO QuarterSales VALUES(85,'수서동',1,66363465);
INSERT INTO QuarterSales VALUES(86,'화곡4동',1,29275305);
INSERT INTO QuarterSales VALUES(87,'회기동',1,66866359);
INSERT INTO QuarterSales VALUES(88,'구로3동',1,66832058);
INSERT INTO QuarterSales VALUES(89,'성내1동',1,31714386);
INSERT INTO QuarterSales VALUES(90,'전농1동',1,48129798);
INSERT INTO QuarterSales VALUES(91,'정릉3동',1,24708856);
INSERT INTO QuarterSales VALUES(92,'자양4동',1,16763792);
INSERT INTO QuarterSales VALUES(93,'면목본동',1,38756518);
INSERT INTO QuarterSales VALUES(94,'광희동',1,24078525);
INSERT INTO QuarterSales VALUES(95,'양재1동',1,76290121);
INSERT INTO QuarterSales VALUES(96,'천호3동',1,58328418);
INSERT INTO QuarterSales VALUES(97,'금호2.3가동',1,22683637);
INSERT INTO QuarterSales VALUES(99,'상도1동',1,43975473);
INSERT INTO QuarterSales VALUES(100,'갈현2동',1,30554866);
INSERT INTO QuarterSales VALUES(101,'난곡동',1,60566985);
INSERT INTO QuarterSales VALUES(102,'청담동',1,79799504);
INSERT INTO QuarterSales VALUES(103,'길음1동',1,91672420);
INSERT INTO QuarterSales VALUES(104,'화곡8동',1,56615107);
INSERT INTO QuarterSales VALUES(105,'창4동',1,27055844);
INSERT INTO QuarterSales VALUES(106,'쌍문1동',1,32534333);
INSERT INTO QuarterSales VALUES(107,'남가좌1동',1,268358010);
INSERT INTO QuarterSales VALUES(108,'역촌동',1,41987640);
INSERT INTO QuarterSales VALUES(109,'용산2가동',1,23983162);
INSERT INTO QuarterSales VALUES(110,'삼성2동',1,51925830);
INSERT INTO QuarterSales VALUES(111,'개포4동',1,29763585);
INSERT INTO QuarterSales VALUES(112,'공항동',1,43425185);
INSERT INTO QuarterSales VALUES(113,'행당1동',1,23839248);
INSERT INTO QuarterSales VALUES(114,'흑석동',1,39993738);
INSERT INTO QuarterSales VALUES(115,'성현동',1,85374223);
INSERT INTO QuarterSales VALUES(116,'신월7동',1,36294055);
INSERT INTO QuarterSales VALUES(117,'인헌동',1,35323770);
INSERT INTO QuarterSales VALUES(118,'염리동',1,27916610);
INSERT INTO QuarterSales VALUES(119,'암사2동',1,83858436);
INSERT INTO QuarterSales VALUES(120,'상계1동',1,62497414);
INSERT INTO QuarterSales VALUES(121,'구의1동',1,50981545);
INSERT INTO QuarterSales VALUES(122,'창3동',1,29788512);
INSERT INTO QuarterSales VALUES(123,'신당5동',1,24805408);
INSERT INTO QuarterSales VALUES(124,'잠실6동',1,82389899);
INSERT INTO QuarterSales VALUES(125,'신월1동',1,34780509);
INSERT INTO QuarterSales VALUES(126,'수유3동',1,31816504);
INSERT INTO QuarterSales VALUES(127,'미성동',1,42511382);
INSERT INTO QuarterSales VALUES(128,'명일1동',1,33014097);
INSERT INTO QuarterSales VALUES(129,'성수1가2동',1,30729830);
INSERT INTO QuarterSales VALUES(130,'가락2동',1,33378417);
INSERT INTO QuarterSales VALUES(131,'암사1동',1,99594211);
INSERT INTO QuarterSales VALUES(132,'독산1동',1,59985449);
INSERT INTO QuarterSales VALUES(133,'중곡2동',1,34293718);
INSERT INTO QuarterSales VALUES(134,'을지로동',1,22621715);
INSERT INTO QuarterSales VALUES(135,'쌍문3동',1,59203837);
INSERT INTO QuarterSales VALUES(136,'용신동',1,118298063);
INSERT INTO QuarterSales VALUES(137,'목2동',1,77834854);
INSERT INTO QuarterSales VALUES(138,'송천동',1,34350332);
INSERT INTO QuarterSales VALUES(139,'신정2동',1,25661691);
INSERT INTO QuarterSales VALUES(140,'왕십리2동',1,43148991);
INSERT INTO QuarterSales VALUES(141,'등촌2동',1,55772491);
INSERT INTO QuarterSales VALUES(142,'정릉4동',1,54919137);
INSERT INTO QuarterSales VALUES(143,'도봉1동',1,43529179);
INSERT INTO QuarterSales VALUES(144,'미아동',1,22968494);
INSERT INTO QuarterSales VALUES(145,'이문1동',1,20372219);
INSERT INTO QuarterSales VALUES(146,'신정7동',1,42957941);
INSERT INTO QuarterSales VALUES(147,'연희동',1,172004370);
INSERT INTO QuarterSales VALUES(148,'방화1동',1,33246317);
INSERT INTO QuarterSales VALUES(149,'창신2동',1,52960763);
INSERT INTO QuarterSales VALUES(150,'삼선동',1,32494307);
INSERT INTO QuarterSales VALUES(151,'한남동',1,34113585);
INSERT INTO QuarterSales VALUES(153,'고덕1동',1,39559006);
INSERT INTO QuarterSales VALUES(155,'청량리동',1,28305286);
INSERT INTO QuarterSales VALUES(156,'화곡3동',1,30440244);
INSERT INTO QuarterSales VALUES(157,'신사2동',1,40060835);
INSERT INTO QuarterSales VALUES(158,'옥수동',1,62891387);
INSERT INTO QuarterSales VALUES(159,'장안1동',1,30186029);
INSERT INTO QuarterSales VALUES(160,'상봉2동',1,24351939);
INSERT INTO QuarterSales VALUES(161,'당산1동',1,65137794);
INSERT INTO QuarterSales VALUES(162,'염창동',1,55052428);
INSERT INTO QuarterSales VALUES(163,'보라매동',1,23106312);
INSERT INTO QuarterSales VALUES(164,'노량진1동',1,27540595);
INSERT INTO QuarterSales VALUES(165,'청룡동',1,39240427);
INSERT INTO QuarterSales VALUES(166,'면목3.8동',1,31656670);
INSERT INTO QuarterSales VALUES(168,'불광2동',1,47116249);
INSERT INTO QuarterSales VALUES(169,'명일2동',1,38344462);
INSERT INTO QuarterSales VALUES(170,'대조동',1,21688735);
INSERT INTO QuarterSales VALUES(171,'하계1동',1,35309547);
INSERT INTO QuarterSales VALUES(172,'남영동',1,35830805);
INSERT INTO QuarterSales VALUES(173,'서림동',1,46498792);
INSERT INTO QuarterSales VALUES(174,'개봉1동',1,26052456);
INSERT INTO QuarterSales VALUES(175,'제기동',1,29109093);
INSERT INTO QuarterSales VALUES(176,'월곡2동',1,26163835);
INSERT INTO QuarterSales VALUES(177,'잠원동',1,46708088);
INSERT INTO QuarterSales VALUES(178,'신월4동',1,18853599);
INSERT INTO QuarterSales VALUES(179,'이문2동',1,86337569);
INSERT INTO QuarterSales VALUES(180,'발산1동',1,24191123);
INSERT INTO QuarterSales VALUES(181,'신대방1동',1,21413484);
INSERT INTO QuarterSales VALUES(182,'석촌동',1,36983945);
INSERT INTO QuarterSales VALUES(183,'성내3동',1,39081238);
INSERT INTO QuarterSales VALUES(184,'묵1동',1,106738156);
INSERT INTO QuarterSales VALUES(185,'사당3동',1,40115251);
INSERT INTO QuarterSales VALUES(186,'신원동',1,21150678);
INSERT INTO QuarterSales VALUES(187,'개봉3동',1,23661693);
INSERT INTO QuarterSales VALUES(188,'구로2동',1,90389367);
INSERT INTO QuarterSales VALUES(189,'한강로동',1,59370045);
INSERT INTO QuarterSales VALUES(190,'면목7동',1,47806452);
INSERT INTO QuarterSales VALUES(191,'시흥4동',1,22350048);
INSERT INTO QuarterSales VALUES(192,'불광1동',1,38403949);
INSERT INTO QuarterSales VALUES(193,'보광동',1,37332922);
INSERT INTO QuarterSales VALUES(194,'암사3동',1,38125857);
INSERT INTO QuarterSales VALUES(195,'개포2동',1,69459329);
INSERT INTO QuarterSales VALUES(196,'신당동',1,18205409);
INSERT INTO QuarterSales VALUES(197,'천호1동',1,20636694);
INSERT INTO QuarterSales VALUES(198,'0',1,16613904);
INSERT INTO QuarterSales VALUES(199,'도곡2동',1,37257284);
INSERT INTO QuarterSales VALUES(200,'대흥동',1,17639727);
INSERT INTO QuarterSales VALUES(201,'중곡1동',1,26236443);
INSERT INTO QuarterSales VALUES(202,'상계6.7동',1,24253842);
INSERT INTO QuarterSales VALUES(203,'성수1가1동',1,30994165);
INSERT INTO QuarterSales VALUES(204,'목3동',1,47090743);
INSERT INTO QuarterSales VALUES(205,'중앙동',1,41743012);
INSERT INTO QuarterSales VALUES(206,'상일동',1,18975155);
INSERT INTO QuarterSales VALUES(207,'화곡본동',1,35481430);
INSERT INTO QuarterSales VALUES(208,'숭인2동',1,71170541);
INSERT INTO QuarterSales VALUES(209,'고척1동',1,12501760);
INSERT INTO QuarterSales VALUES(210,'월계1동',1,19310469);
INSERT INTO QuarterSales VALUES(211,'상도4동',1,34727507);
INSERT INTO QuarterSales VALUES(212,'성수2가1동',1,29899075);
INSERT INTO QuarterSales VALUES(213,'장충동',1,35778304);
INSERT INTO QuarterSales VALUES(214,'신정4동',1,37245284);
INSERT INTO QuarterSales VALUES(215,'문정1동',1,67806577);
INSERT INTO QuarterSales VALUES(216,'망우3동',1,25378570);
INSERT INTO QuarterSales VALUES(217,'성산2동',1,39706079);
INSERT INTO QuarterSales VALUES(218,'삼전동',1,28238388);
INSERT INTO QuarterSales VALUES(219,'신림동',1,18544516);
INSERT INTO QuarterSales VALUES(220,'구의3동',1,27402032);
INSERT INTO QuarterSales VALUES(221,'조원동',1,11510223);
INSERT INTO QuarterSales VALUES(223,'북가좌2동',1,18083840);
INSERT INTO QuarterSales VALUES(224,'창신1동',1,33773184);
INSERT INTO QuarterSales VALUES(225,'아현동',1,91734429);
INSERT INTO QuarterSales VALUES(226,'석관동',1,18784984);
INSERT INTO QuarterSales VALUES(227,'청림동',1,32052543);
INSERT INTO QuarterSales VALUES(228,'대림3동',1,30136083);
INSERT INTO QuarterSales VALUES(229,'종암동',1,41530346);
INSERT INTO QuarterSales VALUES(230,'신길3동',1,57843134);
INSERT INTO QuarterSales VALUES(231,'홍제1동',1,34174868);
INSERT INTO QuarterSales VALUES(232,'성산1동',1,90767633);
INSERT INTO QuarterSales VALUES(233,'사당5동',1,61785513);
INSERT INTO QuarterSales VALUES(234,'상계5동',1,20343595);
INSERT INTO QuarterSales VALUES(235,'대방동',1,25813693);
INSERT INTO QuarterSales VALUES(236,'상도2동',1,37486993);
INSERT INTO QuarterSales VALUES(237,'난향동',1,27939244);
INSERT INTO QuarterSales VALUES(238,'중화2동',1,11496440);
INSERT INTO QuarterSales VALUES(239,'신길7동',1,36058541);
INSERT INTO QuarterSales VALUES(240,'자양1동',1,15276436);
INSERT INTO QuarterSales VALUES(241,'수궁동',1,23381489);
INSERT INTO QuarterSales VALUES(242,'응암1동',1,26401908);
INSERT INTO QuarterSales VALUES(243,'홍제2동',1,17396458);
INSERT INTO QuarterSales VALUES(244,'장안2동',1,15079445);
INSERT INTO QuarterSales VALUES(245,'당산2동',1,99012431);
INSERT INTO QuarterSales VALUES(246,'합정동',1,28957385);
INSERT INTO QuarterSales VALUES(247,'방배4동',1,28922374);
INSERT INTO QuarterSales VALUES(248,'마천2동',1,13281430);
INSERT INTO QuarterSales VALUES(249,'신길1동',1,13967334);
INSERT INTO QuarterSales VALUES(250,'구로5동',1,33716437);
INSERT INTO QuarterSales VALUES(251,'용강동',1,31875684);
INSERT INTO QuarterSales VALUES(252,'원효로2동',1,51791459);
INSERT INTO QuarterSales VALUES(253,'방배2동',1,40180866);
INSERT INTO QuarterSales VALUES(254,'등촌1동',1,15693673);
INSERT INTO QuarterSales VALUES(255,'망우본동',1,29956361);
INSERT INTO QuarterSales VALUES(256,'보문동',1,10086887);
INSERT INTO QuarterSales VALUES(257,'자양2동',1,22226619);
INSERT INTO QuarterSales VALUES(258,'답십리1동',1,90291601);
INSERT INTO QuarterSales VALUES(259,'독산2동',1,23412077);
INSERT INTO QuarterSales VALUES(260,'신월2동',1,31530567);
INSERT INTO QuarterSales VALUES(261,'답십리2동',1,17208912);
INSERT INTO QuarterSales VALUES(262,'창5동',1,6729277);
INSERT INTO QuarterSales VALUES(263,'독산3동',1,30330414);
INSERT INTO QuarterSales VALUES(264,'공덕동',1,17633347);
INSERT INTO QuarterSales VALUES(266,'정릉2동',1,25652642);
INSERT INTO QuarterSales VALUES(267,'홍은1동',1,14910235);
INSERT INTO QuarterSales VALUES(268,'이태원1동',1,44135135);
INSERT INTO QuarterSales VALUES(269,'고덕2동',1,39676457);
INSERT INTO QuarterSales VALUES(270,'일원1동',1,22018098);
INSERT INTO QuarterSales VALUES(271,'다산동',1,25031277);
INSERT INTO QuarterSales VALUES(272,'증산동',1,30271399);
INSERT INTO QuarterSales VALUES(273,'풍납1동',1,23861538);
INSERT INTO QuarterSales VALUES(274,'목4동',1,24500959);
INSERT INTO QuarterSales VALUES(275,'방학3동',1,37572363);
INSERT INTO QuarterSales VALUES(276,'회현동',1,18751454);
INSERT INTO QuarterSales VALUES(277,'영등포본동',1,24926969);
INSERT INTO QuarterSales VALUES(278,'도곡1동',1,33495538);
INSERT INTO QuarterSales VALUES(279,'후암동',1,30154615);
INSERT INTO QuarterSales VALUES(280,'길음2동',1,20300599);
INSERT INTO QuarterSales VALUES(281,'수유2동',1,22096995);
INSERT INTO QuarterSales VALUES(282,'중곡4동',1,32915912);
INSERT INTO QuarterSales VALUES(283,'청구동',1,27606546);
INSERT INTO QuarterSales VALUES(284,'송파1동',1,14665836);
INSERT INTO QuarterSales VALUES(285,'방학1동',1,8549641);
INSERT INTO QuarterSales VALUES(286,'송정동',1,16275315);
INSERT INTO QuarterSales VALUES(287,'개봉2동',1,20721600);
INSERT INTO QuarterSales VALUES(288,'수색동',1,19209233);
INSERT INTO QuarterSales VALUES(289,'가리봉동',1,19142177);
INSERT INTO QuarterSales VALUES(290,'황학동',1,11134751);
INSERT INTO QuarterSales VALUES(291,'신정3동',1,14399494);
INSERT INTO QuarterSales VALUES(292,'천연동',1,26880776);
INSERT INTO QuarterSales VALUES(293,'성수2가3동',1,53468327);
INSERT INTO QuarterSales VALUES(294,'이촌2동',1,13182078);
INSERT INTO QuarterSales VALUES(295,'중곡3동',1,26292742);
INSERT INTO QuarterSales VALUES(296,'가회동',1,37158289);
INSERT INTO QuarterSales VALUES(297,'신사1동',1,17441373);
INSERT INTO QuarterSales VALUES(298,'우장산동',1,52221106);
INSERT INTO QuarterSales VALUES(299,'장위2동',1,12490515);
INSERT INTO QuarterSales VALUES(300,'교남동',1,8498911);
INSERT INTO QuarterSales VALUES(301,'창2동',1,12868090);
INSERT INTO QuarterSales VALUES(302,'방이1동',1,25606300);
INSERT INTO QuarterSales VALUES(303,'휘경2동',1,16549027);
INSERT INTO QuarterSales VALUES(304,'홍제3동',1,8593679);
INSERT INTO QuarterSales VALUES(305,'우이동',1,16223460);
INSERT INTO QuarterSales VALUES(306,'도림동',1,18181780);
INSERT INTO QuarterSales VALUES(307,'시흥3동',1,14503667);
INSERT INTO QuarterSales VALUES(308,'묵2동',1,26011897);
INSERT INTO QuarterSales VALUES(309,'신월5동',1,9017001);
INSERT INTO QuarterSales VALUES(310,'녹번동',1,23119402);
INSERT INTO QuarterSales VALUES(311,'노량진2동',1,24210792);
INSERT INTO QuarterSales VALUES(312,'구산동',1,19899438);
INSERT INTO QuarterSales VALUES(313,'시흥5동',1,26216275);
INSERT INTO QuarterSales VALUES(314,'신길4동',1,39173385);
INSERT INTO QuarterSales VALUES(315,'월곡1동',1,7806416);
INSERT INTO QuarterSales VALUES(316,'마장동',1,27296291);
INSERT INTO QuarterSales VALUES(317,'은천동',1,19121113);
INSERT INTO QuarterSales VALUES(318,'광장동',1,18602846);
INSERT INTO QuarterSales VALUES(319,'능동',1,33983249);
INSERT INTO QuarterSales VALUES(320,'인수동',1,16800959);
INSERT INTO QuarterSales VALUES(321,'원효로1동',1,13161859);
INSERT INTO QuarterSales VALUES(322,'신수동',1,10119561);
INSERT INTO QuarterSales VALUES(323,'방학2동',1,9799316);
INSERT INTO QuarterSales VALUES(324,'연남동',1,10594075);
INSERT INTO QuarterSales VALUES(325,'신월6동',1,16378946);
INSERT INTO QuarterSales VALUES(326,'서강동',1,27171810);
INSERT INTO QuarterSales VALUES(327,'삼성동',1,13377841);
INSERT INTO QuarterSales VALUES(328,'숭인1동',1,13099545);
INSERT INTO QuarterSales VALUES(329,'창1동',1,5122243);
INSERT INTO QuarterSales VALUES(330,'망원2동',1,24200105);
INSERT INTO QuarterSales VALUES(331,'반포4동',1,12054799);
INSERT INTO QuarterSales VALUES(332,'양평1동',1,7896864);
INSERT INTO QuarterSales VALUES(333,'북가좌1동',1,11401776);
INSERT INTO QuarterSales VALUES(334,'화곡2동',1,10214243);
INSERT INTO QuarterSales VALUES(336,'휘경1동',1,19974591);
INSERT INTO QuarterSales VALUES(337,'면목2동',1,19060682);
INSERT INTO QuarterSales VALUES(338,'대림2동',1,7151141);
INSERT INTO QuarterSales VALUES(339,'방화2동',1,7267970);
INSERT INTO QuarterSales VALUES(340,'쌍문2동',1,5566131);
INSERT INTO QuarterSales VALUES(341,'도봉2동',1,5313465);
INSERT INTO QuarterSales VALUES(342,'상봉1동',1,5161928);
INSERT INTO QuarterSales VALUES(343,'방배3동',1,14472783);
INSERT INTO QuarterSales VALUES(344,'면목4동',1,5739638);
INSERT INTO QuarterSales VALUES(345,'약수동',1,4348701);
INSERT INTO QuarterSales VALUES(346,'가양1동',1,7192489);
INSERT INTO QuarterSales VALUES(348,'소공동',2,78949187);
INSERT INTO QuarterSales VALUES(349,'종로1.2.3.4가동',2,61797900);
INSERT INTO QuarterSales VALUES(350,'신촌동',2,44960558);
INSERT INTO QuarterSales VALUES(351,'역삼1동',2,88407435);
INSERT INTO QuarterSales VALUES(352,'잠실본동',2,85529375);
INSERT INTO QuarterSales VALUES(353,'신사동',2,29562181);
INSERT INTO QuarterSales VALUES(354,'서교동',2,53082427);
INSERT INTO QuarterSales VALUES(355,'동선동',2,58882618);
INSERT INTO QuarterSales VALUES(356,'명동',2,163391910);
INSERT INTO QuarterSales VALUES(357,'목1동',2,177553862);
INSERT INTO QuarterSales VALUES(358,'상암동',2,55963468);
INSERT INTO QuarterSales VALUES(359,'화양동',2,49919160);
INSERT INTO QuarterSales VALUES(360,'여의동',2,123083766);
INSERT INTO QuarterSales VALUES(361,'상계2동',2,32406184);
INSERT INTO QuarterSales VALUES(362,'삼성1동',2,115495816);
INSERT INTO QuarterSales VALUES(363,'남가좌2동',2,37932226);
INSERT INTO QuarterSales VALUES(364,'논현1동',2,43126272);
INSERT INTO QuarterSales VALUES(365,'서초4동',2,113954708);
INSERT INTO QuarterSales VALUES(366,'대치4동',2,77671530);
INSERT INTO QuarterSales VALUES(367,'반포1동',2,34108417);
INSERT INTO QuarterSales VALUES(368,'서초2동',2,104205534);
INSERT INTO QuarterSales VALUES(369,'서초3동',2,80707351);
INSERT INTO QuarterSales VALUES(370,'가락본동',2,54762247);
INSERT INTO QuarterSales VALUES(371,'성내2동',2,210777806);
INSERT INTO QuarterSales VALUES(372,'신내1동',2,61873942);
INSERT INTO QuarterSales VALUES(373,'방배1동',2,80936131);
INSERT INTO QuarterSales VALUES(374,'시흥1동',2,37635019);
INSERT INTO QuarterSales VALUES(375,'논현2동',2,158450819);
INSERT INTO QuarterSales VALUES(376,'군자동',2,141845553);
INSERT INTO QuarterSales VALUES(377,'종로5.6가동',2,40592969);
INSERT INTO QuarterSales VALUES(378,'충현동',2,130645877);
INSERT INTO QuarterSales VALUES(379,'사근동',2,71794321);
INSERT INTO QuarterSales VALUES(380,'동화동',2,314765322);
INSERT INTO QuarterSales VALUES(381,'가산동',2,50808794);
INSERT INTO QuarterSales VALUES(382,'안암동',2,58769569);
INSERT INTO QuarterSales VALUES(383,'대치2동',2,71172921);
INSERT INTO QuarterSales VALUES(384,'영등포동',2,34644650);
INSERT INTO QuarterSales VALUES(385,'공릉1동',2,54841858);
INSERT INTO QuarterSales VALUES(386,'사직동',2,57424692);
INSERT INTO QuarterSales VALUES(387,'대치1동',2,63742208);
INSERT INTO QuarterSales VALUES(388,'혜화동',2,53570265);
INSERT INTO QuarterSales VALUES(389,'양재2동',2,34971314);
INSERT INTO QuarterSales VALUES(390,'신대방2동',2,61025859);
INSERT INTO QuarterSales VALUES(392,'중계4동',2,43858301);
INSERT INTO QuarterSales VALUES(393,'독산4동',2,32927745);
INSERT INTO QuarterSales VALUES(394,'필동',2,51291525);
INSERT INTO QuarterSales VALUES(395,'상도3동',2,27190866);
INSERT INTO QuarterSales VALUES(397,'이화동',2,60879303);
INSERT INTO QuarterSales VALUES(398,'서원동',2,72686102);
INSERT INTO QuarterSales VALUES(399,'이촌1동',2,89794248);
INSERT INTO QuarterSales VALUES(400,'갈현1동',2,25071126);
INSERT INTO QuarterSales VALUES(401,'대학동',2,30548169);
INSERT INTO QuarterSales VALUES(402,'신도림동',2,49280087);
INSERT INTO QuarterSales VALUES(403,'화곡1동',2,40375315);
INSERT INTO QuarterSales VALUES(404,'천호2동',2,33747460);
INSERT INTO QuarterSales VALUES(405,'도화동',2,37070878);
INSERT INTO QuarterSales VALUES(406,'정릉3동',2,28489494);
INSERT INTO QuarterSales VALUES(407,'청파동',2,74948940);
INSERT INTO QuarterSales VALUES(408,'구의2동',2,35641787);
INSERT INTO QuarterSales VALUES(409,'망원1동',2,64130067);
INSERT INTO QuarterSales VALUES(410,'등촌3동',2,135378691);
INSERT INTO QuarterSales VALUES(412,'역삼2동',2,62208358);
INSERT INTO QuarterSales VALUES(413,'방배본동',2,84702489);
INSERT INTO QuarterSales VALUES(414,'흑석동',2,50611488);
INSERT INTO QuarterSales VALUES(415,'방이2동',2,47299781);
INSERT INTO QuarterSales VALUES(416,'구로3동',2,57061971);
INSERT INTO QuarterSales VALUES(417,'길동',2,37348257);
INSERT INTO QuarterSales VALUES(418,'응암3동',2,26966074);
INSERT INTO QuarterSales VALUES(419,'남현동',2,75758269);
INSERT INTO QuarterSales VALUES(420,'회기동',2,71625312);
INSERT INTO QuarterSales VALUES(421,'송천동',2,44377967);
INSERT INTO QuarterSales VALUES(422,'압구정동',2,41635278);
INSERT INTO QuarterSales VALUES(423,'사당2동',2,30160658);
INSERT INTO QuarterSales VALUES(424,'수서동',2,65470928);
INSERT INTO QuarterSales VALUES(426,'오류2동',2,64929010);
INSERT INTO QuarterSales VALUES(427,'을지로동',2,42509657);
INSERT INTO QuarterSales VALUES(428,'자양4동',2,18339004);
INSERT INTO QuarterSales VALUES(429,'양재1동',2,60307815);
INSERT INTO QuarterSales VALUES(430,'화곡6동',2,34637772);
INSERT INTO QuarterSales VALUES(431,'길음1동',2,102235289);
INSERT INTO QuarterSales VALUES(432,'오금동',2,50829412);
INSERT INTO QuarterSales VALUES(433,'용문동',2,19791817);
INSERT INTO QuarterSales VALUES(434,'송중동',2,19463829);
INSERT INTO QuarterSales VALUES(436,'오륜동',2,27564421);
INSERT INTO QuarterSales VALUES(437,'삼성2동',2,47566598);
INSERT INTO QuarterSales VALUES(438,'성내1동',2,32215696);
INSERT INTO QuarterSales VALUES(439,'공항동',2,40685415);
INSERT INTO QuarterSales VALUES(440,'삼선동',2,44163691);
INSERT INTO QuarterSales VALUES(441,'상도1동',2,40659853);
INSERT INTO QuarterSales VALUES(442,'청담동',2,84920447);
INSERT INTO QuarterSales VALUES(443,'광희동',2,27917145);
INSERT INTO QuarterSales VALUES(444,'신월1동',2,33825133);
INSERT INTO QuarterSales VALUES(446,'면목본동',2,44860923);
INSERT INTO QuarterSales VALUES(447,'쌍문1동',2,41241583);
INSERT INTO QuarterSales VALUES(448,'용산2가동',2,23362010);
INSERT INTO QuarterSales VALUES(449,'암사2동',2,87200783);
INSERT INTO QuarterSales VALUES(451,'사당4동',2,38925924);
INSERT INTO QuarterSales VALUES(452,'용신동',2,128219027);
INSERT INTO QuarterSales VALUES(453,'암사1동',2,99921975);
INSERT INTO QuarterSales VALUES(454,'성수1가2동',2,32187891);
INSERT INTO QuarterSales VALUES(455,'상계1동',2,63139272);
INSERT INTO QuarterSales VALUES(456,'목2동',2,62837798);
INSERT INTO QuarterSales VALUES(457,'천호3동',2,62602001);
INSERT INTO QuarterSales VALUES(458,'갈현2동',2,27228661);
INSERT INTO QuarterSales VALUES(459,'창4동',2,27472996);
INSERT INTO QuarterSales VALUES(460,'화곡8동',2,51040620);
INSERT INTO QuarterSales VALUES(461,'화곡4동',2,29255121);
INSERT INTO QuarterSales VALUES(462,'행당1동',2,22271493);
INSERT INTO QuarterSales VALUES(463,'신월7동',2,34169189);
INSERT INTO QuarterSales VALUES(464,'장안1동',2,27254669);
INSERT INTO QuarterSales VALUES(465,'왕십리2동',2,42634242);
INSERT INTO QuarterSales VALUES(466,'인헌동',2,28621965);
INSERT INTO QuarterSales VALUES(467,'잠실6동',2,75948234);
INSERT INTO QuarterSales VALUES(468,'구의1동',2,50265294);
INSERT INTO QuarterSales VALUES(469,'석촌동',2,47914546);
INSERT INTO QuarterSales VALUES(470,'제기동',2,32811759);
INSERT INTO QuarterSales VALUES(471,'중곡2동',2,31184961);
INSERT INTO QuarterSales VALUES(472,'명일1동',2,27937875);
INSERT INTO QuarterSales VALUES(473,'개포4동',2,26869918);
INSERT INTO QuarterSales VALUES(474,'성수1가1동',2,41129751);
INSERT INTO QuarterSales VALUES(475,'신길1동',2,24019210);
INSERT INTO QuarterSales VALUES(476,'잠원동',2,68017382);
INSERT INTO QuarterSales VALUES(477,'도봉1동',2,39431247);
INSERT INTO QuarterSales VALUES(478,'신정2동',2,23170194);
INSERT INTO QuarterSales VALUES(479,'가락2동',2,23869853);
INSERT INTO QuarterSales VALUES(480,'성현동',2,67956088);
INSERT INTO QuarterSales VALUES(481,'신당5동',2,23036415);
INSERT INTO QuarterSales VALUES(482,'면목3.8동',2,32379678);
INSERT INTO QuarterSales VALUES(483,'역촌동',2,56367803);
INSERT INTO QuarterSales VALUES(484,'창신2동',2,49952072);
INSERT INTO QuarterSales VALUES(485,'명일2동',2,43247835);
INSERT INTO QuarterSales VALUES(486,'구로4동',2,36149741);
INSERT INTO QuarterSales VALUES(487,'연희동',2,171442931);
INSERT INTO QuarterSales VALUES(488,'화곡3동',2,32712322);
INSERT INTO QuarterSales VALUES(489,'등촌2동',2,52723811);
INSERT INTO QuarterSales VALUES(490,'신사2동',2,33618517);
INSERT INTO QuarterSales VALUES(491,'옥수동',2,63442774);
INSERT INTO QuarterSales VALUES(492,'신정7동',2,37806559);
INSERT INTO QuarterSales VALUES(493,'난곡동',2,52616543);
INSERT INTO QuarterSales VALUES(494,'미아동',2,20616013);
INSERT INTO QuarterSales VALUES(495,'한남동',2,44696441);
INSERT INTO QuarterSales VALUES(496,'염리동',2,30488310);
INSERT INTO QuarterSales VALUES(497,'도곡2동',2,46536427);
INSERT INTO QuarterSales VALUES(498,'정릉4동',2,46181582);
INSERT INTO QuarterSales VALUES(499,'양평2동',2,35730244);
INSERT INTO QuarterSales VALUES(500,'시흥4동',2,24495598);
INSERT INTO QuarterSales VALUES(501,'행운동',2,24572100);
INSERT INTO QuarterSales VALUES(502,'상봉2동',2,25488427);
INSERT INTO QuarterSales VALUES(503,'대조동',2,22768470);
INSERT INTO QuarterSales VALUES(504,'청룡동',2,32499633);
INSERT INTO QuarterSales VALUES(505,'미성동',2,26228050);
INSERT INTO QuarterSales VALUES(506,'하계1동',2,33880208);
INSERT INTO QuarterSales VALUES(507,'고척1동',2,10202774);
INSERT INTO QuarterSales VALUES(508,'청량리동',2,24017781);
INSERT INTO QuarterSales VALUES(509,'노량진1동',2,30412929);
INSERT INTO QuarterSales VALUES(510,'보라매동',2,20649813);
INSERT INTO QuarterSales VALUES(511,'신월4동',2,18208946);
INSERT INTO QuarterSales VALUES(512,'서림동',2,48851462);
INSERT INTO QuarterSales VALUES(513,'고덕1동',2,30466124);
INSERT INTO QuarterSales VALUES(514,'당산1동',2,54457979);
INSERT INTO QuarterSales VALUES(515,'이문2동',2,78405882);
INSERT INTO QuarterSales VALUES(516,'월곡2동',2,21328927);
INSERT INTO QuarterSales VALUES(517,'북가좌2동',2,18481621);
INSERT INTO QuarterSales VALUES(518,'창3동',2,20400782);
INSERT INTO QuarterSales VALUES(519,'수유3동',2,31994000);
INSERT INTO QuarterSales VALUES(520,'전농1동',2,34990937);
INSERT INTO QuarterSales VALUES(521,'개포2동',2,58722923);
INSERT INTO QuarterSales VALUES(522,'방화1동',2,25951628);
INSERT INTO QuarterSales VALUES(523,'신대방1동',2,18878418);
INSERT INTO QuarterSales VALUES(524,'남영동',2,32494112);
INSERT INTO QuarterSales VALUES(525,'한강로동',2,62928442);
INSERT INTO QuarterSales VALUES(526,'0',2,16653234);
INSERT INTO QuarterSales VALUES(527,'발산1동',2,21886335);
INSERT INTO QuarterSales VALUES(528,'신당동',2,16135254);
INSERT INTO QuarterSales VALUES(529,'이문1동',2,14495556);
INSERT INTO QuarterSales VALUES(530,'보광동',2,42242926);
INSERT INTO QuarterSales VALUES(531,'상일동',2,18783544);
INSERT INTO QuarterSales VALUES(533,'대흥동',2,20736944);
INSERT INTO QuarterSales VALUES(534,'염창동',2,47311323);
INSERT INTO QuarterSales VALUES(535,'상계6.7동',2,23903771);
INSERT INTO QuarterSales VALUES(536,'면목7동',2,44564098);
INSERT INTO QuarterSales VALUES(537,'신원동',2,20040860);
INSERT INTO QuarterSales VALUES(538,'상도4동',2,32443979);
INSERT INTO QuarterSales VALUES(539,'불광1동',2,35363259);
INSERT INTO QuarterSales VALUES(540,'상도2동',2,46942605);
INSERT INTO QuarterSales VALUES(541,'사당3동',2,28111886);
INSERT INTO QuarterSales VALUES(542,'개봉1동',2,20103369);
INSERT INTO QuarterSales VALUES(543,'숭인2동',2,81740917);
INSERT INTO QuarterSales VALUES(544,'남가좌1동',2,138270881);
INSERT INTO QuarterSales VALUES(545,'쌍문3동',2,34387810);
INSERT INTO QuarterSales VALUES(546,'구로2동',2,74383576);
INSERT INTO QuarterSales VALUES(547,'성수2가1동',2,32502114);
INSERT INTO QuarterSales VALUES(548,'성내3동',2,29918950);
INSERT INTO QuarterSales VALUES(549,'성산2동',2,38357509);
INSERT INTO QuarterSales VALUES(550,'상계5동',2,19736790);
INSERT INTO QuarterSales VALUES(552,'중앙동',2,40064206);
INSERT INTO QuarterSales VALUES(553,'금호2.3가동',2,13844227);
INSERT INTO QuarterSales VALUES(554,'문정1동',2,66326222);
INSERT INTO QuarterSales VALUES(555,'대방동',2,25356530);
INSERT INTO QuarterSales VALUES(556,'고덕2동',2,62977679);
INSERT INTO QuarterSales VALUES(557,'신정4동',2,45651407);
INSERT INTO QuarterSales VALUES(558,'왕십리도선동',2,20062102);
INSERT INTO QuarterSales VALUES(559,'목3동',2,40995953);
INSERT INTO QuarterSales VALUES(560,'용강동',2,61374938);
INSERT INTO QuarterSales VALUES(561,'중화2동',2,11046772);
INSERT INTO QuarterSales VALUES(562,'홍제2동',2,20064093);
INSERT INTO QuarterSales VALUES(563,'대림3동',2,27903139);
INSERT INTO QuarterSales VALUES(564,'종암동',2,47064909);
INSERT INTO QuarterSales VALUES(565,'월계1동',2,17022409);
INSERT INTO QuarterSales VALUES(566,'성산1동',2,96127736);
INSERT INTO QuarterSales VALUES(567,'자양2동',2,29469322);
INSERT INTO QuarterSales VALUES(568,'장충동',2,33973662);
INSERT INTO QuarterSales VALUES(569,'망우3동',2,23667299);
INSERT INTO QuarterSales VALUES(570,'중곡1동',2,18442457);
INSERT INTO QuarterSales VALUES(571,'수궁동',2,22735514);
INSERT INTO QuarterSales VALUES(572,'묵1동',2,52332857);
INSERT INTO QuarterSales VALUES(573,'영등포본동',2,37962613);
INSERT INTO QuarterSales VALUES(574,'방배4동',2,29554942);
INSERT INTO QuarterSales VALUES(575,'자양1동',2,16254982);
INSERT INTO QuarterSales VALUES(576,'석관동',2,21537064);
INSERT INTO QuarterSales VALUES(577,'홍제1동',2,32787285);
INSERT INTO QuarterSales VALUES(578,'삼전동',2,23221264);
INSERT INTO QuarterSales VALUES(579,'화곡본동',2,29021023);
INSERT INTO QuarterSales VALUES(580,'신길7동',2,34831534);
INSERT INTO QuarterSales VALUES(581,'개봉3동',2,20272819);
INSERT INTO QuarterSales VALUES(582,'신림동',2,18118530);
INSERT INTO QuarterSales VALUES(583,'구의3동',2,12798085);
INSERT INTO QuarterSales VALUES(584,'청림동',2,29721385);
INSERT INTO QuarterSales VALUES(585,'아현동',2,98327786);
INSERT INTO QuarterSales VALUES(586,'조원동',2,8161867);
INSERT INTO QuarterSales VALUES(587,'독산1동',2,44884443);
INSERT INTO QuarterSales VALUES(588,'천호1동',2,13562036);
INSERT INTO QuarterSales VALUES(589,'방배2동',2,46050019);
INSERT INTO QuarterSales VALUES(590,'합정동',2,30852549);
INSERT INTO QuarterSales VALUES(591,'독산3동',2,31833244);
INSERT INTO QuarterSales VALUES(592,'마천2동',2,16737122);
INSERT INTO QuarterSales VALUES(593,'창신1동',2,35309887);
INSERT INTO QuarterSales VALUES(594,'구로5동',2,35034432);
INSERT INTO QuarterSales VALUES(595,'장안2동',2,21380234);
INSERT INTO QuarterSales VALUES(596,'신길3동',2,47490712);
INSERT INTO QuarterSales VALUES(597,'당산2동',2,94089228);
INSERT INTO QuarterSales VALUES(598,'사당5동',2,92728024);
INSERT INTO QuarterSales VALUES(599,'망우본동',2,29226963);
INSERT INTO QuarterSales VALUES(600,'난향동',2,22137520);
INSERT INTO QuarterSales VALUES(601,'풍납1동',2,18235525);
INSERT INTO QuarterSales VALUES(602,'도곡1동',2,37747990);
INSERT INTO QuarterSales VALUES(603,'보문동',2,8574807);
INSERT INTO QuarterSales VALUES(604,'일원1동',2,28528481);
INSERT INTO QuarterSales VALUES(605,'응암1동',2,22609391);
INSERT INTO QuarterSales VALUES(606,'회현동',2,20371688);
INSERT INTO QuarterSales VALUES(607,'불광2동',2,12052588);
INSERT INTO QuarterSales VALUES(609,'길음2동',2,22839744);
INSERT INTO QuarterSales VALUES(610,'등촌1동',2,14258138);
INSERT INTO QuarterSales VALUES(611,'원효로2동',2,45918620);
INSERT INTO QuarterSales VALUES(612,'암사3동',2,19852355);
INSERT INTO QuarterSales VALUES(613,'창5동',2,6358699);
INSERT INTO QuarterSales VALUES(614,'독산2동',2,17312088);
INSERT INTO QuarterSales VALUES(615,'정릉2동',2,26773851);
INSERT INTO QuarterSales VALUES(616,'수유2동',2,25427545);
INSERT INTO QuarterSales VALUES(617,'공덕동',2,17131725);
INSERT INTO QuarterSales VALUES(618,'답십리2동',2,15650162);
INSERT INTO QuarterSales VALUES(619,'답십리1동',2,73483168);
INSERT INTO QuarterSales VALUES(620,'방학3동',2,24459423);
INSERT INTO QuarterSales VALUES(621,'후암동',2,28282723);
INSERT INTO QuarterSales VALUES(622,'증산동',2,27341163);
INSERT INTO QuarterSales VALUES(623,'방학1동',2,9877450);
INSERT INTO QuarterSales VALUES(624,'가회동',2,47896966);
INSERT INTO QuarterSales VALUES(625,'이촌2동',2,17136017);
INSERT INTO QuarterSales VALUES(626,'망원2동',2,67402094);
INSERT INTO QuarterSales VALUES(627,'시흥3동',2,21017710);
INSERT INTO QuarterSales VALUES(628,'청구동',2,28248526);
INSERT INTO QuarterSales VALUES(629,'휘경2동',2,21297695);
INSERT INTO QuarterSales VALUES(630,'신월2동',2,23240545);
INSERT INTO QuarterSales VALUES(631,'이태원1동',2,40922181);
INSERT INTO QuarterSales VALUES(632,'천연동',2,29744018);
INSERT INTO QuarterSales VALUES(633,'마장동',2,38904875);
INSERT INTO QuarterSales VALUES(634,'성수2가3동',2,57035277);
INSERT INTO QuarterSales VALUES(635,'신월5동',2,5417208);
INSERT INTO QuarterSales VALUES(636,'개봉2동',2,15045795);
INSERT INTO QuarterSales VALUES(637,'가리봉동',2,13635045);
INSERT INTO QuarterSales VALUES(638,'도림동',2,15859372);
INSERT INTO QuarterSales VALUES(639,'홍제3동',2,7067027);
INSERT INTO QuarterSales VALUES(640,'신사1동',2,17578546);
INSERT INTO QuarterSales VALUES(641,'중곡3동',2,25716353);
INSERT INTO QuarterSales VALUES(642,'방이1동',2,25697047);
INSERT INTO QuarterSales VALUES(643,'신정3동',2,15568320);
INSERT INTO QuarterSales VALUES(644,'목4동',2,20074556);
INSERT INTO QuarterSales VALUES(645,'창2동',2,12238504);
INSERT INTO QuarterSales VALUES(646,'송파1동',2,10561876);
INSERT INTO QuarterSales VALUES(647,'시흥5동',2,26307975);
INSERT INTO QuarterSales VALUES(648,'묵2동',2,13145709);
INSERT INTO QuarterSales VALUES(649,'장위2동',2,14643825);
INSERT INTO QuarterSales VALUES(650,'우이동',2,15420903);
INSERT INTO QuarterSales VALUES(651,'황학동',2,11241603);
INSERT INTO QuarterSales VALUES(652,'녹번동',2,22124376);
INSERT INTO QuarterSales VALUES(653,'월곡1동',2,8845368);
INSERT INTO QuarterSales VALUES(654,'홍은1동',2,9277782);
INSERT INTO QuarterSales VALUES(656,'방학2동',2,16324601);
INSERT INTO QuarterSales VALUES(657,'노량진2동',2,22495421);
INSERT INTO QuarterSales VALUES(658,'구산동',2,18422444);
INSERT INTO QuarterSales VALUES(659,'다산동',2,19262765);
INSERT INTO QuarterSales VALUES(660,'양평1동',2,12636199);
INSERT INTO QuarterSales VALUES(661,'우장산동',2,37794099);
INSERT INTO QuarterSales VALUES(662,'수색동',2,18578592);
INSERT INTO QuarterSales VALUES(663,'광장동',2,18536503);
INSERT INTO QuarterSales VALUES(664,'원효로1동',2,11375205);
INSERT INTO QuarterSales VALUES(665,'인수동',2,17893360);
INSERT INTO QuarterSales VALUES(666,'삼성동',2,17435248);
INSERT INTO QuarterSales VALUES(667,'신수동',2,10189564);
INSERT INTO QuarterSales VALUES(668,'송정동',2,10546157);
INSERT INTO QuarterSales VALUES(669,'반포4동',2,32628090);
INSERT INTO QuarterSales VALUES(670,'신길4동',2,31736334);
INSERT INTO QuarterSales VALUES(671,'신월6동',2,16857650);
INSERT INTO QuarterSales VALUES(672,'연남동',2,9707444);
INSERT INTO QuarterSales VALUES(673,'은천동',2,18193578);
INSERT INTO QuarterSales VALUES(674,'숭인1동',2,12708442);
INSERT INTO QuarterSales VALUES(675,'방화2동',2,9182587);
INSERT INTO QuarterSales VALUES(676,'방배3동',2,22654450);
INSERT INTO QuarterSales VALUES(678,'능동',2,22054379);
INSERT INTO QuarterSales VALUES(679,'북가좌1동',2,10744797);
INSERT INTO QuarterSales VALUES(680,'대림2동',2,7819443);
INSERT INTO QuarterSales VALUES(681,'휘경1동',2,17402753);
INSERT INTO QuarterSales VALUES(682,'도봉2동',2,4929889);
INSERT INTO QuarterSales VALUES(684,'화곡2동',2,7112435);
INSERT INTO QuarterSales VALUES(685,'상봉1동',2,4362793);
INSERT INTO QuarterSales VALUES(686,'면목2동',2,12590541);
INSERT INTO QuarterSales VALUES(687,'약수동',2,4186708);
INSERT INTO QuarterSales VALUES(688,'면목4동',2,11943086);
INSERT INTO QuarterSales VALUES(689,'교남동',2,3962444);
INSERT INTO QuarterSales VALUES(690,'가양1동',2,3572469);
INSERT INTO QuarterSales VALUES(691,'소공동',3,82893033);
INSERT INTO QuarterSales VALUES(692,'종로1.2.3.4가동',3,64416070);
INSERT INTO QuarterSales VALUES(693,'신촌동',3,42853607);
INSERT INTO QuarterSales VALUES(694,'역삼1동',3,88347430);
INSERT INTO QuarterSales VALUES(695,'서교동',3,48524472);
INSERT INTO QuarterSales VALUES(696,'명동',3,163024603);
INSERT INTO QuarterSales VALUES(697,'신사동',3,28123539);
INSERT INTO QuarterSales VALUES(698,'군자동',3,218764956);
INSERT INTO QuarterSales VALUES(699,'목1동',3,198378314);
INSERT INTO QuarterSales VALUES(700,'상암동',3,46591733);
INSERT INTO QuarterSales VALUES(701,'잠실본동',3,67681597);
INSERT INTO QuarterSales VALUES(702,'화양동',3,40793222);
INSERT INTO QuarterSales VALUES(703,'서초4동',3,127937039);
INSERT INTO QuarterSales VALUES(704,'남가좌2동',3,39927738);
INSERT INTO QuarterSales VALUES(705,'상계2동',3,30498881);
INSERT INTO QuarterSales VALUES(706,'대치4동',3,80723320);
INSERT INTO QuarterSales VALUES(707,'서초2동',3,170713181);
INSERT INTO QuarterSales VALUES(708,'여의동',3,95094348);
INSERT INTO QuarterSales VALUES(709,'서초3동',3,106837597);
INSERT INTO QuarterSales VALUES(710,'반포1동',3,34983005);
INSERT INTO QuarterSales VALUES(711,'동선동',3,45850374);
INSERT INTO QuarterSales VALUES(712,'논현2동',3,143869106);
INSERT INTO QuarterSales VALUES(713,'삼성1동',3,104751917);
INSERT INTO QuarterSales VALUES(714,'사직동',3,63549534);
INSERT INTO QuarterSales VALUES(715,'도화동',3,59601770);
INSERT INTO QuarterSales VALUES(716,'동화동',3,394413683);
INSERT INTO QuarterSales VALUES(717,'논현1동',3,37631590);
INSERT INTO QuarterSales VALUES(718,'시흥1동',3,35882682);
INSERT INTO QuarterSales VALUES(719,'가락본동',3,52658784);
INSERT INTO QuarterSales VALUES(720,'종로5.6가동',3,43200600);
INSERT INTO QuarterSales VALUES(721,'부암동',3,688228650);
INSERT INTO QuarterSales VALUES(722,'방배1동',3,66280077);
INSERT INTO QuarterSales VALUES(723,'중계4동',3,48522769);
INSERT INTO QuarterSales VALUES(724,'신내1동',3,55908802);
INSERT INTO QuarterSales VALUES(725,'충현동',3,145745912);
INSERT INTO QuarterSales VALUES(726,'가산동',3,49861381);
INSERT INTO QuarterSales VALUES(727,'양재2동',3,36776878);
INSERT INTO QuarterSales VALUES(728,'사근동',3,55637695);
INSERT INTO QuarterSales VALUES(729,'상도3동',3,37849344);
INSERT INTO QuarterSales VALUES(730,'양평2동',3,84555687);
INSERT INTO QuarterSales VALUES(731,'안암동',3,68420964);
INSERT INTO QuarterSales VALUES(732,'행운동',3,31039440);
INSERT INTO QuarterSales VALUES(733,'대치2동',3,70915312);
INSERT INTO QuarterSales VALUES(734,'방이2동',3,67222738);
INSERT INTO QuarterSales VALUES(735,'오륜동',3,48050397);
INSERT INTO QuarterSales VALUES(736,'독산4동',3,37755884);
INSERT INTO QuarterSales VALUES(738,'성내2동',3,148473399);
INSERT INTO QuarterSales VALUES(739,'신대방2동',3,43720936);
INSERT INTO QuarterSales VALUES(740,'대치1동',3,65174614);
INSERT INTO QuarterSales VALUES(741,'서원동',3,91391850);
INSERT INTO QuarterSales VALUES(743,'공릉1동',3,52331913);
INSERT INTO QuarterSales VALUES(744,'신도림동',3,63145819);
INSERT INTO QuarterSales VALUES(745,'혜화동',3,43102198);
INSERT INTO QuarterSales VALUES(746,'천호2동',3,44829618);
INSERT INTO QuarterSales VALUES(747,'필동',3,44249978);
INSERT INTO QuarterSales VALUES(749,'오금동',3,72269419);
INSERT INTO QuarterSales VALUES(750,'갈현1동',3,23956992);
INSERT INTO QuarterSales VALUES(751,'화곡1동',3,40978222);
INSERT INTO QuarterSales VALUES(752,'이촌1동',3,83530355);
INSERT INTO QuarterSales VALUES(753,'이화동',3,57281595);
INSERT INTO QuarterSales VALUES(754,'영등포동',3,32831100);
INSERT INTO QuarterSales VALUES(755,'사당1동',3,21747133);
INSERT INTO QuarterSales VALUES(756,'대학동',3,22637159);
INSERT INTO QuarterSales VALUES(757,'왕십리도선동',3,82226971);
INSERT INTO QuarterSales VALUES(758,'등촌3동',3,130407510);
INSERT INTO QuarterSales VALUES(759,'남현동',3,73441778);
INSERT INTO QuarterSales VALUES(760,'응암3동',3,27119781);
INSERT INTO QuarterSales VALUES(761,'역삼2동',3,60153506);
INSERT INTO QuarterSales VALUES(762,'방배본동',3,78777710);
INSERT INTO QuarterSales VALUES(763,'구로3동',3,57020504);
INSERT INTO QuarterSales VALUES(764,'길동',3,39000573);
INSERT INTO QuarterSales VALUES(765,'정릉3동',3,22380439);
INSERT INTO QuarterSales VALUES(766,'구의2동',3,31661839);
INSERT INTO QuarterSales VALUES(767,'사당2동',3,31674930);
INSERT INTO QuarterSales VALUES(769,'압구정동',3,43752753);
INSERT INTO QuarterSales VALUES(770,'송천동',3,50602637);
INSERT INTO QuarterSales VALUES(771,'을지로동',3,42535570);
INSERT INTO QuarterSales VALUES(772,'화곡6동',3,35025033);
INSERT INTO QuarterSales VALUES(773,'회기동',3,58722488);
INSERT INTO QuarterSales VALUES(774,'송중동',3,19998288);
INSERT INTO QuarterSales VALUES(775,'성내1동',3,31275867);
INSERT INTO QuarterSales VALUES(776,'삼성2동',3,57152306);
INSERT INTO QuarterSales VALUES(777,'용문동',3,19422710);
INSERT INTO QuarterSales VALUES(778,'수서동',3,59140166);
INSERT INTO QuarterSales VALUES(779,'갈현2동',3,33545776);
INSERT INTO QuarterSales VALUES(780,'양재1동',3,72800955);
INSERT INTO QuarterSales VALUES(781,'쌍문1동',3,28866258);
INSERT INTO QuarterSales VALUES(782,'흑석동',3,40848840);
INSERT INTO QuarterSales VALUES(783,'청담동',3,75012736);
INSERT INTO QuarterSales VALUES(784,'길음1동',3,142442076);
INSERT INTO QuarterSales VALUES(785,'사당4동',3,39765454);
INSERT INTO QuarterSales VALUES(786,'화곡4동',3,31149936);
INSERT INTO QuarterSales VALUES(787,'공항동',3,41819195);
INSERT INTO QuarterSales VALUES(788,'개봉3동',3,30813343);
INSERT INTO QuarterSales VALUES(789,'보라매동',3,34665052);
INSERT INTO QuarterSales VALUES(790,'신월1동',3,34605182);
INSERT INTO QuarterSales VALUES(791,'면목본동',3,39458360);
INSERT INTO QuarterSales VALUES(792,'행당1동',3,21141089);
INSERT INTO QuarterSales VALUES(793,'상계1동',3,66236160);
INSERT INTO QuarterSales VALUES(794,'광희동',3,24959957);
INSERT INTO QuarterSales VALUES(796,'창4동',3,28873432);
INSERT INTO QuarterSales VALUES(797,'독산1동',3,78778955);
INSERT INTO QuarterSales VALUES(799,'상도1동',3,40455352);
INSERT INTO QuarterSales VALUES(800,'구로4동',3,55922951);
INSERT INTO QuarterSales VALUES(801,'암사1동',3,100569212);
INSERT INTO QuarterSales VALUES(802,'염리동',3,34140801);
INSERT INTO QuarterSales VALUES(803,'역촌동',3,49541462);
INSERT INTO QuarterSales VALUES(804,'용신동',3,122413087);
INSERT INTO QuarterSales VALUES(805,'신월7동',3,34712502);
INSERT INTO QuarterSales VALUES(806,'금호2.3가동',3,19873461);
INSERT INTO QuarterSales VALUES(807,'잠실6동',3,80371998);
INSERT INTO QuarterSales VALUES(808,'청파동',3,62444587);
INSERT INTO QuarterSales VALUES(809,'화곡8동',3,49203898);
INSERT INTO QuarterSales VALUES(810,'용산2가동',3,28843760);
INSERT INTO QuarterSales VALUES(811,'망원1동',3,38228841);
INSERT INTO QuarterSales VALUES(812,'암사2동',3,78624261);
INSERT INTO QuarterSales VALUES(813,'천호3동',3,58219108);
INSERT INTO QuarterSales VALUES(814,'목2동',3,77377624);
INSERT INTO QuarterSales VALUES(815,'성수1가2동',3,29132406);
INSERT INTO QuarterSales VALUES(816,'자양4동',3,15948907);
INSERT INTO QuarterSales VALUES(817,'제기동',3,31786987);
INSERT INTO QuarterSales VALUES(818,'명일2동',3,52833390);
INSERT INTO QuarterSales VALUES(819,'왕십리2동',3,40651350);
INSERT INTO QuarterSales VALUES(820,'구의1동',3,45011643);
INSERT INTO QuarterSales VALUES(821,'오류2동',3,43483941);
INSERT INTO QuarterSales VALUES(822,'장안1동',3,31225043);
INSERT INTO QuarterSales VALUES(823,'중곡1동',3,24903906);
INSERT INTO QuarterSales VALUES(824,'인헌동',3,30319221);
INSERT INTO QuarterSales VALUES(825,'시흥4동',3,23304502);
INSERT INTO QuarterSales VALUES(826,'미성동',3,35180777);
INSERT INTO QuarterSales VALUES(827,'명일1동',3,29293212);
INSERT INTO QuarterSales VALUES(828,'창3동',3,22276350);
INSERT INTO QuarterSales VALUES(829,'가락2동',3,27483122);
INSERT INTO QuarterSales VALUES(830,'한남동',3,45548936);
INSERT INTO QuarterSales VALUES(831,'개포4동',3,24488275);
INSERT INTO QuarterSales VALUES(832,'신당5동',3,22931614);
INSERT INTO QuarterSales VALUES(833,'중곡2동',3,28788547);
INSERT INTO QuarterSales VALUES(834,'도봉1동',3,34706435);
INSERT INTO QuarterSales VALUES(835,'창신2동',3,39823551);
INSERT INTO QuarterSales VALUES(836,'고덕1동',3,36412297);
INSERT INTO QuarterSales VALUES(837,'면목3.8동',3,33242041);
INSERT INTO QuarterSales VALUES(838,'난곡동',3,43225293);
INSERT INTO QuarterSales VALUES(839,'석촌동',3,45950110);
INSERT INTO QuarterSales VALUES(840,'이문1동',3,14757924);
INSERT INTO QuarterSales VALUES(841,'성현동',3,63121672);
INSERT INTO QuarterSales VALUES(842,'도곡2동',3,47256527);
INSERT INTO QuarterSales VALUES(843,'등촌2동',3,54233098);
INSERT INTO QuarterSales VALUES(844,'옥수동',3,62857111);
INSERT INTO QuarterSales VALUES(845,'신정2동',3,20388205);
INSERT INTO QuarterSales VALUES(846,'낙성대동',3,76212743);
INSERT INTO QuarterSales VALUES(847,'염창동',3,41748934);
INSERT INTO QuarterSales VALUES(848,'신사2동',3,33448356);
INSERT INTO QuarterSales VALUES(849,'화곡3동',3,24515082);
INSERT INTO QuarterSales VALUES(850,'상봉2동',3,30900962);
INSERT INTO QuarterSales VALUES(851,'삼전동',3,30656805);
INSERT INTO QuarterSales VALUES(852,'성수1가1동',3,34662029);
INSERT INTO QuarterSales VALUES(853,'정릉4동',3,43257019);
INSERT INTO QuarterSales VALUES(854,'신월4동',3,19260317);
INSERT INTO QuarterSales VALUES(855,'개포2동',3,68066761);
INSERT INTO QuarterSales VALUES(856,'0',3,18968323);
INSERT INTO QuarterSales VALUES(857,'잠원동',3,70348408);
INSERT INTO QuarterSales VALUES(858,'불광2동',3,43262596);
INSERT INTO QuarterSales VALUES(859,'연희동',3,147915486);
INSERT INTO QuarterSales VALUES(860,'성내3동',3,37014226);
INSERT INTO QuarterSales VALUES(861,'하계1동',3,27040858);
INSERT INTO QuarterSales VALUES(862,'신정7동',3,32284361);
INSERT INTO QuarterSales VALUES(863,'상계6.7동',3,26784137);
INSERT INTO QuarterSales VALUES(864,'암사3동',3,39605168);
INSERT INTO QuarterSales VALUES(865,'대조동',3,21277105);
INSERT INTO QuarterSales VALUES(866,'수유3동',3,27545202);
INSERT INTO QuarterSales VALUES(867,'노량진1동',3,22469864);
INSERT INTO QuarterSales VALUES(868,'당산1동',3,49842499);
INSERT INTO QuarterSales VALUES(869,'보광동',3,40209508);
INSERT INTO QuarterSales VALUES(870,'발산1동',3,18715473);
INSERT INTO QuarterSales VALUES(871,'쌍문3동',3,25255646);
INSERT INTO QuarterSales VALUES(873,'청룡동',3,32558569);
INSERT INTO QuarterSales VALUES(874,'대흥동',3,16602376);
INSERT INTO QuarterSales VALUES(875,'월곡2동',3,22095620);
INSERT INTO QuarterSales VALUES(876,'불광1동',3,36747302);
INSERT INTO QuarterSales VALUES(877,'상일동',3,17548792);
INSERT INTO QuarterSales VALUES(878,'성산2동',3,40655893);
INSERT INTO QuarterSales VALUES(879,'중곡4동',3,82767560);
INSERT INTO QuarterSales VALUES(880,'창1동',3,29048534);
INSERT INTO QuarterSales VALUES(881,'구로2동',3,74824959);
INSERT INTO QuarterSales VALUES(882,'성수2가1동',3,40814116);
INSERT INTO QuarterSales VALUES(883,'청량리동',3,20236328);
INSERT INTO QuarterSales VALUES(884,'남가좌1동',3,70657730);
INSERT INTO QuarterSales VALUES(885,'신대방1동',3,20166599);
INSERT INTO QuarterSales VALUES(886,'서림동',3,42848826);
INSERT INTO QuarterSales VALUES(887,'전농1동',3,39269428);
INSERT INTO QuarterSales VALUES(888,'남영동',3,31134545);
INSERT INTO QuarterSales VALUES(889,'상도4동',3,34351402);
INSERT INTO QuarterSales VALUES(890,'창신1동',3,25919084);
INSERT INTO QuarterSales VALUES(891,'미아동',3,15832407);
INSERT INTO QuarterSales VALUES(892,'신당동',3,14130535);
INSERT INTO QuarterSales VALUES(893,'면목7동',3,46129598);
INSERT INTO QuarterSales VALUES(894,'고척1동',3,8179682);
INSERT INTO QuarterSales VALUES(895,'중앙동',3,44738361);
INSERT INTO QuarterSales VALUES(897,'대림3동',3,32865176);
INSERT INTO QuarterSales VALUES(898,'천호1동',3,19324641);
INSERT INTO QuarterSales VALUES(899,'북가좌2동',3,15118891);
INSERT INTO QuarterSales VALUES(900,'신원동',3,20472470);
INSERT INTO QuarterSales VALUES(901,'숭인2동',3,71961619);
INSERT INTO QuarterSales VALUES(902,'상도2동',3,43580961);
INSERT INTO QuarterSales VALUES(903,'한강로동',3,57970184);
INSERT INTO QuarterSales VALUES(904,'개봉1동',3,19828878);
INSERT INTO QuarterSales VALUES(905,'월계1동',3,18223019);
INSERT INTO QuarterSales VALUES(906,'방화1동',3,23945641);
INSERT INTO QuarterSales VALUES(907,'수궁동',3,26554784);
INSERT INTO QuarterSales VALUES(908,'용강동',3,62024371);
INSERT INTO QuarterSales VALUES(909,'사당3동',3,30234073);
INSERT INTO QuarterSales VALUES(910,'보문동',3,13325775);
INSERT INTO QuarterSales VALUES(911,'이문2동',3,59605484);
INSERT INTO QuarterSales VALUES(912,'대방동',3,23136186);
INSERT INTO QuarterSales VALUES(913,'종암동',3,64478762);
INSERT INTO QuarterSales VALUES(914,'목3동',3,38218136);
INSERT INTO QuarterSales VALUES(915,'문정1동',3,31754278);
INSERT INTO QuarterSales VALUES(916,'중화2동',3,10944778);
INSERT INTO QuarterSales VALUES(917,'상계5동',3,17860794);
INSERT INTO QuarterSales VALUES(918,'신정4동',3,27820351);
INSERT INTO QuarterSales VALUES(919,'성산1동',3,93566410);
INSERT INTO QuarterSales VALUES(920,'조원동',3,11293736);
INSERT INTO QuarterSales VALUES(921,'석관동',3,24006340);
INSERT INTO QuarterSales VALUES(922,'구의3동',3,27372804);
INSERT INTO QuarterSales VALUES(923,'방배4동',3,26228012);
INSERT INTO QuarterSales VALUES(924,'화곡본동',3,28201681);
INSERT INTO QuarterSales VALUES(925,'홍제2동',3,17907065);
INSERT INTO QuarterSales VALUES(926,'방배2동',3,44719460);
INSERT INTO QuarterSales VALUES(927,'신림동',3,23786646);
INSERT INTO QuarterSales VALUES(928,'신길3동',3,52877233);
INSERT INTO QuarterSales VALUES(929,'길음2동',3,34863269);
INSERT INTO QuarterSales VALUES(930,'묵1동',3,41277743);
INSERT INTO QuarterSales VALUES(931,'망우3동',3,20467664);
INSERT INTO QuarterSales VALUES(932,'홍제1동',3,28463534);
INSERT INTO QuarterSales VALUES(933,'아현동',3,92980352);
INSERT INTO QuarterSales VALUES(934,'풍납1동',3,32968226);
INSERT INTO QuarterSales VALUES(935,'마천2동',3,17502171);
INSERT INTO QuarterSales VALUES(936,'정릉2동',3,22876093);
INSERT INTO QuarterSales VALUES(937,'장충동',3,28208464);
INSERT INTO QuarterSales VALUES(938,'구로5동',3,29174499);
INSERT INTO QuarterSales VALUES(939,'독산3동',3,32016175);
INSERT INTO QuarterSales VALUES(940,'영등포본동',3,31565322);
INSERT INTO QuarterSales VALUES(941,'일원1동',3,20050323);
INSERT INTO QuarterSales VALUES(942,'합정동',3,27844834);
INSERT INTO QuarterSales VALUES(943,'청림동',3,48986977);
INSERT INTO QuarterSales VALUES(944,'자양1동',3,13414906);
INSERT INTO QuarterSales VALUES(945,'등촌1동',3,19037944);
INSERT INTO QuarterSales VALUES(946,'공덕동',3,18656290);
INSERT INTO QuarterSales VALUES(947,'장안2동',3,17978593);
INSERT INTO QuarterSales VALUES(949,'당산2동',3,86256717);
INSERT INTO QuarterSales VALUES(950,'창5동',3,6871270);
INSERT INTO QuarterSales VALUES(951,'망우본동',3,25236600);
INSERT INTO QuarterSales VALUES(952,'독산2동',3,15683591);
INSERT INTO QuarterSales VALUES(953,'신길7동',3,27008658);
INSERT INTO QuarterSales VALUES(954,'증산동',3,23232285);
INSERT INTO QuarterSales VALUES(955,'자양2동',3,24727345);
INSERT INTO QuarterSales VALUES(956,'고덕2동',3,40272673);
INSERT INTO QuarterSales VALUES(957,'도곡1동',3,37493001);
INSERT INTO QuarterSales VALUES(958,'원효로2동',3,44268839);
INSERT INTO QuarterSales VALUES(959,'답십리2동',3,16088694);
INSERT INTO QuarterSales VALUES(960,'응암1동',3,21987428);
INSERT INTO QuarterSales VALUES(961,'수유2동',3,25573858);
INSERT INTO QuarterSales VALUES(962,'이촌2동',3,18276549);
INSERT INTO QuarterSales VALUES(963,'천연동',3,36494944);
INSERT INTO QuarterSales VALUES(964,'후암동',3,28623432);
INSERT INTO QuarterSales VALUES(965,'신길1동',3,15397498);
INSERT INTO QuarterSales VALUES(966,'답십리1동',3,71201630);
INSERT INTO QuarterSales VALUES(967,'난향동',3,17471480);
INSERT INTO QuarterSales VALUES(968,'방학3동',3,22574448);
INSERT INTO QuarterSales VALUES(969,'방학1동',3,8614356);
INSERT INTO QuarterSales VALUES(970,'회현동',3,16655463);
INSERT INTO QuarterSales VALUES(971,'시흥3동',3,21286796);
INSERT INTO QuarterSales VALUES(972,'목4동',3,22221553);
INSERT INTO QuarterSales VALUES(973,'방이1동',3,31699334);
INSERT INTO QuarterSales VALUES(974,'가회동',3,43132017);
INSERT INTO QuarterSales VALUES(975,'신월2동',3,19558944);
INSERT INTO QuarterSales VALUES(976,'양평1동',3,20195408);
INSERT INTO QuarterSales VALUES(977,'다산동',3,21049794);
INSERT INTO QuarterSales VALUES(978,'신월5동',3,8051193);
INSERT INTO QuarterSales VALUES(979,'홍은1동',3,9024126);
INSERT INTO QuarterSales VALUES(980,'이태원1동',3,35533724);
INSERT INTO QuarterSales VALUES(981,'개봉2동',3,19446347);
INSERT INTO QuarterSales VALUES(982,'도림동',3,13408827);
INSERT INTO QuarterSales VALUES(983,'성수2가3동',3,52242327);
INSERT INTO QuarterSales VALUES(984,'망원2동',3,52156814);
INSERT INTO QuarterSales VALUES(985,'가리봉동',3,12783768);
INSERT INTO QuarterSales VALUES(986,'황학동',3,9808241);
INSERT INTO QuarterSales VALUES(987,'청구동',3,25864923);
INSERT INTO QuarterSales VALUES(988,'휘경2동',3,16153340);
INSERT INTO QuarterSales VALUES(989,'신정3동',3,13557627);
INSERT INTO QuarterSales VALUES(990,'시흥5동',3,25489634);
INSERT INTO QuarterSales VALUES(991,'구산동',3,21461230);
INSERT INTO QuarterSales VALUES(992,'신사1동',3,15578769);
INSERT INTO QuarterSales VALUES(993,'마장동',3,34106294);
INSERT INTO QuarterSales VALUES(994,'중곡3동',3,23011109);
INSERT INTO QuarterSales VALUES(995,'우이동',3,14922478);
INSERT INTO QuarterSales VALUES(996,'월곡1동',3,6125295);
INSERT INTO QuarterSales VALUES(997,'광장동',3,21439954);
INSERT INTO QuarterSales VALUES(998,'방학2동',3,13106711);
INSERT INTO QuarterSales VALUES(999,'녹번동',3,14247644);
INSERT INTO QuarterSales VALUES(1000,'우장산동',3,38375118);
INSERT INTO QuarterSales VALUES(1001,'장위2동',3,10378979);
INSERT INTO QuarterSales VALUES(1002,'묵2동',3,12628966);
INSERT INTO QuarterSales VALUES(1003,'창2동',3,10179179);
INSERT INTO QuarterSales VALUES(1004,'송파1동',3,9241459);
INSERT INTO QuarterSales VALUES(1005,'홍제3동',3,5642544);
INSERT INTO QuarterSales VALUES(1006,'원효로1동',3,11903156);
INSERT INTO QuarterSales VALUES(1007,'인수동',3,17080410);
INSERT INTO QuarterSales VALUES(1008,'신수동',3,10486290);
INSERT INTO QuarterSales VALUES(1009,'송정동',3,11577295);
INSERT INTO QuarterSales VALUES(1010,'반포4동',3,32053360);
INSERT INTO QuarterSales VALUES(1011,'삼성동',3,15812561);
INSERT INTO QuarterSales VALUES(1012,'사당5동',3,31053234);
INSERT INTO QuarterSales VALUES(1013,'노량진2동',3,17065727);
INSERT INTO QuarterSales VALUES(1014,'신월6동',3,15884917);
INSERT INTO QuarterSales VALUES(1015,'교남동',3,5805626);
INSERT INTO QuarterSales VALUES(1016,'은천동',3,15172855);
INSERT INTO QuarterSales VALUES(1017,'능동',3,26083873);
INSERT INTO QuarterSales VALUES(1018,'수색동',3,11553212);
INSERT INTO QuarterSales VALUES(1019,'숭인1동',3,11372308);
INSERT INTO QuarterSales VALUES(1020,'신길4동',3,22073475);
INSERT INTO QuarterSales VALUES(1021,'방배3동',3,21455251);
INSERT INTO QuarterSales VALUES(1022,'연남동',3,6746957);
INSERT INTO QuarterSales VALUES(1023,'방화2동',3,7229018);
INSERT INTO QuarterSales VALUES(1025,'서강동',3,16841597);
INSERT INTO QuarterSales VALUES(1026,'대림2동',3,7072845);
INSERT INTO QuarterSales VALUES(1027,'면목4동',3,14055521);
INSERT INTO QuarterSales VALUES(1028,'휘경1동',3,14040254);
INSERT INTO QuarterSales VALUES(1029,'도봉2동',3,4645190);
INSERT INTO QuarterSales VALUES(1030,'북가좌1동',3,6637983);
INSERT INTO QuarterSales VALUES(1031,'약수동',3,2188042);
INSERT INTO QuarterSales VALUES(1032,'상봉1동',3,3763906);
INSERT INTO QuarterSales VALUES(1033,'면목2동',3,11016724);
INSERT INTO QuarterSales VALUES(1035,'가양1동',3,4151559);
INSERT INTO QuarterSales VALUES(1036,'화곡2동',3,7099941);
INSERT INTO QuarterSales VALUES(1037,'종로1.2.3.4가동',4,72307666);
INSERT INTO QuarterSales VALUES(1038,'소공동',4,96742299);
INSERT INTO QuarterSales VALUES(1039,'신촌동',4,45896119);
INSERT INTO QuarterSales VALUES(1040,'목1동',4,283196166);
INSERT INTO QuarterSales VALUES(1041,'서교동',4,52864995);
INSERT INTO QuarterSales VALUES(1042,'역삼1동',4,60210707);
INSERT INTO QuarterSales VALUES(1043,'상암동',4,97108327);
INSERT INTO QuarterSales VALUES(1044,'명동',4,126553104);
INSERT INTO QuarterSales VALUES(1045,'반포1동',4,57024428);
INSERT INTO QuarterSales VALUES(1046,'동선동',4,47515381);
INSERT INTO QuarterSales VALUES(1047,'남가좌2동',4,42311975);
INSERT INTO QuarterSales VALUES(1048,'신사동',4,24050388);
INSERT INTO QuarterSales VALUES(1049,'상계2동',4,35865692);
INSERT INTO QuarterSales VALUES(1050,'사직동',4,65401816);
INSERT INTO QuarterSales VALUES(1051,'화양동',4,41094111);
INSERT INTO QuarterSales VALUES(1052,'서초4동',4,125097296);
INSERT INTO QuarterSales VALUES(1053,'가락본동',4,29542093);
INSERT INTO QuarterSales VALUES(1054,'잠실본동',4,56614514);
INSERT INTO QuarterSales VALUES(1055,'여의동',4,93687760);
INSERT INTO QuarterSales VALUES(1056,'사근동',4,94904626);
INSERT INTO QuarterSales VALUES(1057,'한남동',4,128831683);
INSERT INTO QuarterSales VALUES(1058,'군자동',4,121847040);
INSERT INTO QuarterSales VALUES(1059,'오륜동',4,71431991);
INSERT INTO QuarterSales VALUES(1060,'방이2동',4,81950093);
INSERT INTO QuarterSales VALUES(1061,'대치4동',4,105587653);
INSERT INTO QuarterSales VALUES(1062,'시흥1동',4,29676007);
INSERT INTO QuarterSales VALUES(1063,'논현2동',4,141966879);
INSERT INTO QuarterSales VALUES(1064,'서초2동',4,114704420);
INSERT INTO QuarterSales VALUES(1065,'삼성1동',4,115927790);
INSERT INTO QuarterSales VALUES(1067,'서초3동',4,53374097);
INSERT INTO QuarterSales VALUES(1068,'신내1동',4,57227605);
INSERT INTO QuarterSales VALUES(1069,'종로5.6가동',4,40678173);
INSERT INTO QuarterSales VALUES(1070,'부암동',4,673657283);
INSERT INTO QuarterSales VALUES(1071,'가산동',4,49496091);
INSERT INTO QuarterSales VALUES(1072,'서원동',4,83423085);
INSERT INTO QuarterSales VALUES(1073,'중계4동',4,52481336);
INSERT INTO QuarterSales VALUES(1074,'남현동',4,76100942);
INSERT INTO QuarterSales VALUES(1075,'천호1동',4,37189850);
INSERT INTO QuarterSales VALUES(1076,'안암동',4,79579919);
INSERT INTO QuarterSales VALUES(1077,'갈현1동',4,29094377);
INSERT INTO QuarterSales VALUES(1078,'충현동',4,138499242);
INSERT INTO QuarterSales VALUES(1079,'상도3동',4,35753980);
INSERT INTO QuarterSales VALUES(1080,'양평2동',4,67004759);
INSERT INTO QuarterSales VALUES(1081,'도화동',4,39978845);
INSERT INTO QuarterSales VALUES(1082,'대치2동',4,68605357);
INSERT INTO QuarterSales VALUES(1083,'영등포동',4,50302689);
INSERT INTO QuarterSales VALUES(1084,'이촌1동',4,102487251);
INSERT INTO QuarterSales VALUES(1085,'동화동',4,259116125);
INSERT INTO QuarterSales VALUES(1086,'대치1동',4,50920866);
INSERT INTO QuarterSales VALUES(1087,'대학동',4,24290074);
INSERT INTO QuarterSales VALUES(1088,'양재2동',4,34471525);
INSERT INTO QuarterSales VALUES(1089,'역삼2동',4,52264164);
INSERT INTO QuarterSales VALUES(1090,'행운동',4,40451183);
INSERT INTO QuarterSales VALUES(1092,'방배1동',4,35714565);
INSERT INTO QuarterSales VALUES(1093,'천호2동',4,43393169);
INSERT INTO QuarterSales VALUES(1094,'공릉1동',4,44928987);
INSERT INTO QuarterSales VALUES(1095,'이화동',4,55533721);
INSERT INTO QuarterSales VALUES(1096,'혜화동',4,32690344);
INSERT INTO QuarterSales VALUES(1097,'용답동',4,22897783);
INSERT INTO QuarterSales VALUES(1098,'사당1동',4,31488448);
INSERT INTO QuarterSales VALUES(1099,'왕십리도선동',4,80028028);
INSERT INTO QuarterSales VALUES(1100,'필동',4,52291758);
INSERT INTO QuarterSales VALUES(1101,'오금동',4,68252899);
INSERT INTO QuarterSales VALUES(1102,'성내2동',4,124682887);
INSERT INTO QuarterSales VALUES(1103,'화곡1동',4,43286397);
INSERT INTO QuarterSales VALUES(1105,'번1동',4,63376653);
INSERT INTO QuarterSales VALUES(1106,'독산4동',4,32827157);
INSERT INTO QuarterSales VALUES(1107,'압구정동',4,43518769);
INSERT INTO QuarterSales VALUES(1108,'등촌3동',4,188256086);
INSERT INTO QuarterSales VALUES(1109,'길동',4,32110369);
INSERT INTO QuarterSales VALUES(1110,'송천동',4,46961119);
INSERT INTO QuarterSales VALUES(1111,'창신1동',4,48285605);
INSERT INTO QuarterSales VALUES(1112,'노량진1동',4,32504306);
INSERT INTO QuarterSales VALUES(1113,'개봉3동',4,29325259);
INSERT INTO QuarterSales VALUES(1114,'구의2동',4,36675296);
INSERT INTO QuarterSales VALUES(1115,'창4동',4,33539025);
INSERT INTO QuarterSales VALUES(1116,'사당2동',4,29992240);
INSERT INTO QuarterSales VALUES(1117,'회기동',4,60572282);
INSERT INTO QuarterSales VALUES(1118,'방배본동',4,72102422);
INSERT INTO QuarterSales VALUES(1119,'삼성2동',4,54086851);
INSERT INTO QuarterSales VALUES(1120,'망원1동',4,44458860);
INSERT INTO QuarterSales VALUES(1121,'갈현2동',4,36042412);
INSERT INTO QuarterSales VALUES(1122,'용문동',4,22051204);
INSERT INTO QuarterSales VALUES(1123,'자양4동',4,18164286);
INSERT INTO QuarterSales VALUES(1124,'구로3동',4,63109833);
INSERT INTO QuarterSales VALUES(1125,'수서동',4,60216357);
INSERT INTO QuarterSales VALUES(1126,'목4동',4,34501048);
INSERT INTO QuarterSales VALUES(1127,'금호2.3가동',4,28179200);
INSERT INTO QuarterSales VALUES(1128,'청담동',4,78118429);
INSERT INTO QuarterSales VALUES(1129,'사당4동',4,40202088);
INSERT INTO QuarterSales VALUES(1130,'을지로동',4,34955880);
INSERT INTO QuarterSales VALUES(1131,'응암3동',4,26918357);
INSERT INTO QuarterSales VALUES(1132,'상도1동',4,39536119);
INSERT INTO QuarterSales VALUES(1133,'한강로동',4,78506116);
INSERT INTO QuarterSales VALUES(1134,'성내1동',4,34467108);
INSERT INTO QuarterSales VALUES(1135,'양재1동',4,70569749);
INSERT INTO QuarterSales VALUES(1136,'화곡6동',4,37617189);
INSERT INTO QuarterSales VALUES(1137,'고척1동',4,12715593);
INSERT INTO QuarterSales VALUES(1138,'불광1동',4,69802460);
INSERT INTO QuarterSales VALUES(1139,'화곡4동',4,30701451);
INSERT INTO QuarterSales VALUES(1140,'공항동',4,41634102);
INSERT INTO QuarterSales VALUES(1141,'청파동',4,63842510);
INSERT INTO QuarterSales VALUES(1142,'이문1동',4,19622181);
INSERT INTO QuarterSales VALUES(1143,'쌍문1동',4,38663188);
INSERT INTO QuarterSales VALUES(1144,'신월1동',4,24314662);
INSERT INTO QuarterSales VALUES(1145,'보라매동',4,32143018);
INSERT INTO QuarterSales VALUES(1146,'도봉1동',4,44670052);
INSERT INTO QuarterSales VALUES(1147,'구로4동',4,51400288);
INSERT INTO QuarterSales VALUES(1148,'면목본동',4,38714936);
INSERT INTO QuarterSales VALUES(1149,'난곡동',4,47864574);
INSERT INTO QuarterSales VALUES(1150,'일원1동',4,54420004);
INSERT INTO QuarterSales VALUES(1151,'정릉3동',4,18293543);
INSERT INTO QuarterSales VALUES(1152,'역촌동',4,65624939);
INSERT INTO QuarterSales VALUES(1153,'삼선동',4,24745325);
INSERT INTO QuarterSales VALUES(1154,'흑석동',4,60121964);
INSERT INTO QuarterSales VALUES(1155,'화곡8동',4,47887961);
INSERT INTO QuarterSales VALUES(1156,'암사2동',4,78520210);
INSERT INTO QuarterSales VALUES(1157,'왕십리2동',4,42668957);
INSERT INTO QuarterSales VALUES(1158,'목2동',4,76813472);
INSERT INTO QuarterSales VALUES(1159,'명일1동',4,32889491);
INSERT INTO QuarterSales VALUES(1160,'광희동',4,20823052);
INSERT INTO QuarterSales VALUES(1161,'대흥동',4,21584062);
INSERT INTO QuarterSales VALUES(1162,'행당1동',4,18576437);
INSERT INTO QuarterSales VALUES(1163,'길음1동',4,112627223);
INSERT INTO QuarterSales VALUES(1164,'성수1가2동',4,28314382);
INSERT INTO QuarterSales VALUES(1165,'성내3동',4,33045876);
INSERT INTO QuarterSales VALUES(1166,'신월7동',4,27560912);
INSERT INTO QuarterSales VALUES(1167,'독산1동',4,67581367);
INSERT INTO QuarterSales VALUES(1168,'신정1동',4,50208353);
INSERT INTO QuarterSales VALUES(1169,'암사1동',4,46956784);
INSERT INTO QuarterSales VALUES(1170,'창3동',4,20222474);
INSERT INTO QuarterSales VALUES(1171,'쌍문3동',4,19293241);
INSERT INTO QuarterSales VALUES(1172,'제기동',4,24798334);
INSERT INTO QuarterSales VALUES(1173,'가락2동',4,25476207);
INSERT INTO QuarterSales VALUES(1174,'상계6.7동',4,40885608);
INSERT INTO QuarterSales VALUES(1175,'명일2동',4,51205105);
INSERT INTO QuarterSales VALUES(1176,'하계1동',4,33448766);
INSERT INTO QuarterSales VALUES(1177,'오류2동',4,39646943);
INSERT INTO QuarterSales VALUES(1178,'자양3동',4,28543473);
INSERT INTO QuarterSales VALUES(1179,'구의1동',4,37770299);
INSERT INTO QuarterSales VALUES(1180,'신월5동',4,22231280);
INSERT INTO QuarterSales VALUES(1181,'낙성대동',4,81819821);
INSERT INTO QuarterSales VALUES(1182,'신사2동',4,33161851);
INSERT INTO QuarterSales VALUES(1183,'신대방2동',4,23587021);
INSERT INTO QuarterSales VALUES(1184,'고덕1동',4,36158824);
INSERT INTO QuarterSales VALUES(1185,'개포4동',4,17636958);
INSERT INTO QuarterSales VALUES(1186,'미성동',4,36567635);
INSERT INTO QuarterSales VALUES(1187,'장안1동',4,29786040);
INSERT INTO QuarterSales VALUES(1188,'창신2동',4,37789223);
INSERT INTO QuarterSales VALUES(1189,'연희동',4,103277789);
INSERT INTO QuarterSales VALUES(1190,'인헌동',4,22467173);
INSERT INTO QuarterSales VALUES(1191,'염창동',4,38932470);
INSERT INTO QuarterSales VALUES(1192,'중곡1동',4,22854269);
INSERT INTO QuarterSales VALUES(1193,'발산1동',4,28556463);
INSERT INTO QuarterSales VALUES(1194,'옥수동',4,60183253);
INSERT INTO QuarterSales VALUES(1195,'등촌2동',4,47969340);
INSERT INTO QuarterSales VALUES(1196,'신정7동',4,35701850);
INSERT INTO QuarterSales VALUES(1197,'염리동',4,36884874);
INSERT INTO QuarterSales VALUES(1198,'신당5동',4,18561626);
INSERT INTO QuarterSales VALUES(1199,'불광2동',4,42585527);
INSERT INTO QuarterSales VALUES(1200,'정릉4동',4,43074158);
INSERT INTO QuarterSales VALUES(1201,'창1동',4,34327846);
INSERT INTO QuarterSales VALUES(1203,'미아동',4,16663548);
INSERT INTO QuarterSales VALUES(1204,'시흥4동',4,24327154);
INSERT INTO QuarterSales VALUES(1205,'구로2동',4,45767410);
INSERT INTO QuarterSales VALUES(1206,'청룡동',4,28127646);
INSERT INTO QuarterSales VALUES(1207,'대림1동',4,35736447);
INSERT INTO QuarterSales VALUES(1208,'신정2동',4,22658281);
INSERT INTO QuarterSales VALUES(1209,'화곡3동',4,30458111);
INSERT INTO QuarterSales VALUES(1210,'0',4,18289541);
INSERT INTO QuarterSales VALUES(1211,'청량리동',4,22906656);
INSERT INTO QuarterSales VALUES(1212,'북가좌2동',4,15248201);
INSERT INTO QuarterSales VALUES(1213,'신당동',4,13383529);
INSERT INTO QuarterSales VALUES(1214,'중화2동',4,12595764);
INSERT INTO QuarterSales VALUES(1215,'송중동',4,12271085);
INSERT INTO QuarterSales VALUES(1216,'도곡2동',4,24730046);
INSERT INTO QuarterSales VALUES(1217,'신도림동',4,34388608);
INSERT INTO QuarterSales VALUES(1218,'잠원동',4,69953275);
INSERT INTO QuarterSales VALUES(1219,'신림동',4,39899095);
INSERT INTO QuarterSales VALUES(1220,'보광동',4,43538426);
INSERT INTO QuarterSales VALUES(1221,'삼전동',4,27151303);
INSERT INTO QuarterSales VALUES(1222,'석촌동',4,29901867);
INSERT INTO QuarterSales VALUES(1223,'보문동',4,16817390);
INSERT INTO QuarterSales VALUES(1224,'영등포본동',4,87294567);
INSERT INTO QuarterSales VALUES(1225,'상도4동',4,37161855);
INSERT INTO QuarterSales VALUES(1226,'신대방1동',4,18799130);
INSERT INTO QuarterSales VALUES(1227,'화곡본동',4,27503432);
INSERT INTO QuarterSales VALUES(1228,'성현동',4,49546143);
INSERT INTO QuarterSales VALUES(1229,'신월4동',4,17767765);
INSERT INTO QuarterSales VALUES(1230,'신원동',4,21575975);
INSERT INTO QuarterSales VALUES(1231,'묵1동',4,34954092);
INSERT INTO QuarterSales VALUES(1232,'창5동',4,17403443);
INSERT INTO QuarterSales VALUES(1233,'전농1동',4,36843575);
INSERT INTO QuarterSales VALUES(1234,'성수1가1동',4,29294687);
INSERT INTO QuarterSales VALUES(1235,'목3동',4,37496495);
INSERT INTO QuarterSales VALUES(1236,'당산1동',4,47489503);
INSERT INTO QuarterSales VALUES(1237,'개봉1동',4,24160997);
INSERT INTO QuarterSales VALUES(1238,'서림동',4,38737611);
INSERT INTO QuarterSales VALUES(1239,'개포2동',4,66905568);
INSERT INTO QuarterSales VALUES(1240,'중앙동',4,35338649);
INSERT INTO QuarterSales VALUES(1241,'성산2동',4,36131957);
INSERT INTO QuarterSales VALUES(1242,'월곡2동',4,17107967);
INSERT INTO QuarterSales VALUES(1243,'상일동',4,17604920);
INSERT INTO QuarterSales VALUES(1244,'면목7동',4,52130450);
INSERT INTO QuarterSales VALUES(1245,'대조동',4,22145859);
INSERT INTO QuarterSales VALUES(1246,'신길3동',4,63366599);
INSERT INTO QuarterSales VALUES(1247,'수궁동',4,28740002);
INSERT INTO QuarterSales VALUES(1248,'숭인2동',4,72230616);
INSERT INTO QuarterSales VALUES(1249,'삼각산동',4,31353369);
INSERT INTO QuarterSales VALUES(1250,'중곡4동',4,71836852);
INSERT INTO QuarterSales VALUES(1251,'남영동',4,29753512);
INSERT INTO QuarterSales VALUES(1252,'방화1동',4,20563791);
INSERT INTO QuarterSales VALUES(1253,'이문2동',4,62012780);
INSERT INTO QuarterSales VALUES(1254,'대방동',4,22559809);
INSERT INTO QuarterSales VALUES(1255,'용강동',4,61700377);
INSERT INTO QuarterSales VALUES(1256,'종암동',4,62891919);
INSERT INTO QuarterSales VALUES(1257,'독산2동',4,15317745);
INSERT INTO QuarterSales VALUES(1258,'월계1동',4,17038309);
INSERT INTO QuarterSales VALUES(1259,'수유3동',4,19564384);
INSERT INTO QuarterSales VALUES(1260,'암사3동',4,28730271);
INSERT INTO QuarterSales VALUES(1261,'홍제1동',4,33313420);
INSERT INTO QuarterSales VALUES(1262,'구로5동',4,30544084);
INSERT INTO QuarterSales VALUES(1263,'상계1동',4,27834977);
INSERT INTO QuarterSales VALUES(1264,'수유2동',4,22116445);
INSERT INTO QuarterSales VALUES(1265,'대림3동',4,28968165);
INSERT INTO QuarterSales VALUES(1266,'길음2동',4,48083749);
INSERT INTO QuarterSales VALUES(1267,'석관동',4,19042399);
INSERT INTO QuarterSales VALUES(1268,'상계5동',4,24517708);
INSERT INTO QuarterSales VALUES(1270,'조원동',4,27529359);
INSERT INTO QuarterSales VALUES(1271,'구의3동',4,26097017);
INSERT INTO QuarterSales VALUES(1272,'문정1동',4,28660824);
INSERT INTO QuarterSales VALUES(1273,'망우3동',4,20787745);
INSERT INTO QuarterSales VALUES(1274,'자양1동',4,14053249);
INSERT INTO QuarterSales VALUES(1275,'방배4동',4,20771091);
INSERT INTO QuarterSales VALUES(1276,'상봉2동',4,20990719);
INSERT INTO QuarterSales VALUES(1277,'신길1동',4,31612647);
INSERT INTO QuarterSales VALUES(1278,'홍제2동',4,14298168);
INSERT INTO QuarterSales VALUES(1279,'자양2동',4,21638159);
INSERT INTO QuarterSales VALUES(1280,'용산2가동',4,19804228);
INSERT INTO QuarterSales VALUES(1281,'방학2동',4,22862566);
INSERT INTO QuarterSales VALUES(1282,'마천2동',4,23643441);
INSERT INTO QuarterSales VALUES(1283,'원효로2동',4,51614725);
INSERT INTO QuarterSales VALUES(1284,'도곡1동',4,29049428);
INSERT INTO QuarterSales VALUES(1285,'고덕2동',4,45693862);
INSERT INTO QuarterSales VALUES(1286,'청림동',4,53338697);
INSERT INTO QuarterSales VALUES(1287,'방배2동',4,40255506);
INSERT INTO QuarterSales VALUES(1288,'합정동',4,34324829);
INSERT INTO QuarterSales VALUES(1289,'잠실6동',4,30239036);
INSERT INTO QuarterSales VALUES(1290,'성산1동',4,78986160);
INSERT INTO QuarterSales VALUES(1291,'망우본동',4,24070670);
INSERT INTO QuarterSales VALUES(1292,'응암1동',4,22271664);
INSERT INTO QuarterSales VALUES(1293,'방학3동',4,28195164);
INSERT INTO QuarterSales VALUES(1294,'난향동',4,20761429);
INSERT INTO QuarterSales VALUES(1295,'공덕동',4,16308850);
INSERT INTO QuarterSales VALUES(1296,'후암동',4,31138888);
INSERT INTO QuarterSales VALUES(1297,'천연동',4,39478339);
INSERT INTO QuarterSales VALUES(1298,'등촌1동',4,13684999);
INSERT INTO QuarterSales VALUES(1299,'가회동',4,47209533);
INSERT INTO QuarterSales VALUES(1300,'장안2동',4,14408541);
INSERT INTO QuarterSales VALUES(1301,'시흥3동',4,29015301);
INSERT INTO QuarterSales VALUES(1302,'신길7동',4,24348803);
INSERT INTO QuarterSales VALUES(1303,'증산동',4,27399588);
INSERT INTO QuarterSales VALUES(1304,'다산동',4,27291093);
INSERT INTO QuarterSales VALUES(1305,'신월2동',4,21047309);
INSERT INTO QuarterSales VALUES(1306,'교남동',4,10189046);
INSERT INTO QuarterSales VALUES(1307,'이촌2동',4,17671142);
INSERT INTO QuarterSales VALUES(1308,'답십리2동',4,15185880);
INSERT INTO QuarterSales VALUES(1309,'아현동',4,52270452);
INSERT INTO QuarterSales VALUES(1310,'답십리1동',4,69559363);
INSERT INTO QuarterSales VALUES(1311,'회현동',4,22528699);
INSERT INTO QuarterSales VALUES(1312,'연남동',4,21175269);
INSERT INTO QuarterSales VALUES(1313,'상도2동',4,20658803);
INSERT INTO QuarterSales VALUES(1314,'시흥5동',4,16975120);
INSERT INTO QuarterSales VALUES(1315,'방학1동',4,8696492);
INSERT INTO QuarterSales VALUES(1316,'이태원1동',4,39825200);
INSERT INTO QuarterSales VALUES(1317,'성수2가1동',4,28835984);
INSERT INTO QuarterSales VALUES(1318,'독산3동',4,15120274);
INSERT INTO QuarterSales VALUES(1319,'중곡2동',4,14178544);
INSERT INTO QuarterSales VALUES(1320,'휘경2동',4,18520817);
INSERT INTO QuarterSales VALUES(1321,'노량진2동',4,13487503);
INSERT INTO QuarterSales VALUES(1322,'우이동',4,17305460);
INSERT INTO QuarterSales VALUES(1323,'방이1동',4,25940768);
INSERT INTO QuarterSales VALUES(1324,'광장동',4,25780664);
INSERT INTO QuarterSales VALUES(1325,'송정동',4,51188411);
INSERT INTO QuarterSales VALUES(1326,'우장산동',4,50230675);
INSERT INTO QuarterSales VALUES(1327,'신정4동',4,21104389);
INSERT INTO QuarterSales VALUES(1328,'북아현동',4,49582167);
INSERT INTO QuarterSales VALUES(1329,'개봉2동',4,11088243);
INSERT INTO QuarterSales VALUES(1330,'문래동',4,48587347);
INSERT INTO QuarterSales VALUES(1331,'도림동',4,12740965);
INSERT INTO QuarterSales VALUES(1332,'신사1동',4,11812463);
INSERT INTO QuarterSales VALUES(1333,'청구동',4,24322116);
INSERT INTO QuarterSales VALUES(1334,'신정3동',4,14514285);
INSERT INTO QuarterSales VALUES(1335,'성수2가3동',4,46183597);
INSERT INTO QuarterSales VALUES(1336,'양평1동',4,15127544);
INSERT INTO QuarterSales VALUES(1337,'장위2동',4,10623384);
INSERT INTO QuarterSales VALUES(1338,'사당3동',4,10621858);
INSERT INTO QuarterSales VALUES(1339,'황학동',4,10285034);
INSERT INTO QuarterSales VALUES(1340,'마장동',4,30416526);
INSERT INTO QuarterSales VALUES(1341,'묵2동',4,11270477);
INSERT INTO QuarterSales VALUES(1342,'가리봉동',4,15875387);
INSERT INTO QuarterSales VALUES(1343,'홍제3동',4,6674117);
INSERT INTO QuarterSales VALUES(1344,'월곡1동',4,7477238);
INSERT INTO QuarterSales VALUES(1345,'송파1동',4,9116723);
INSERT INTO QuarterSales VALUES(1346,'상봉1동',4,12432015);
INSERT INTO QuarterSales VALUES(1347,'구산동',4,16172780);
INSERT INTO QuarterSales VALUES(1348,'화곡2동',4,12694448);
INSERT INTO QuarterSales VALUES(1349,'창2동',4,8768742);
INSERT INTO QuarterSales VALUES(1350,'정릉2동',4,18799493);
INSERT INTO QuarterSales VALUES(1351,'방화2동',4,11677585);
INSERT INTO QuarterSales VALUES(1352,'삼성동',4,16030761);
INSERT INTO QuarterSales VALUES(1353,'면목2동',4,20664204);
INSERT INTO QuarterSales VALUES(1354,'홍은1동',4,8556016);
INSERT INTO QuarterSales VALUES(1355,'문정2동',4,9805326);
INSERT INTO QuarterSales VALUES(1356,'신월6동',4,16335818);
INSERT INTO QuarterSales VALUES(1357,'인수동',4,14463729);
INSERT INTO QuarterSales VALUES(1358,'사당5동',4,19995385);
INSERT INTO QuarterSales VALUES(1359,'능동',4,13350431);
INSERT INTO QuarterSales VALUES(1360,'반포4동',4,25006959);
INSERT INTO QuarterSales VALUES(1361,'은천동',4,13523686);
INSERT INTO QuarterSales VALUES(1362,'숭인1동',4,11664438);
INSERT INTO QuarterSales VALUES(1363,'녹번동',4,14536555);
INSERT INTO QuarterSales VALUES(1364,'도봉2동',4,6961327);
INSERT INTO QuarterSales VALUES(1365,'서강동',4,17432645);
INSERT INTO QuarterSales VALUES(1366,'대림2동',4,7238784);
INSERT INTO QuarterSales VALUES(1367,'신수동',4,5674140);
INSERT INTO QuarterSales VALUES(1368,'면목4동',4,7333626);
INSERT INTO QuarterSales VALUES(1369,'휘경1동',4,14350715);
INSERT INTO QuarterSales VALUES(1370,'고척2동',4,13708925);
INSERT INTO QuarterSales VALUES(1371,'원효로1동',4,6634225);
INSERT INTO QuarterSales VALUES(1372,'망원2동',4,12983732);
INSERT INTO QuarterSales VALUES(1373,'북가좌1동',4,6351245);
INSERT INTO QuarterSales VALUES(1374,'약수동',4,3948705);
INSERT INTO QuarterSales VALUES(1375,'중곡3동',4,5147574);
INSERT INTO QuarterSales VALUES(1376,'천호3동',4,3323845);
INSERT INTO QuarterSales VALUES(1377,'풍납1동',4,2897715);
INSERT INTO QuarterSales VALUES(1378,'신월3동',4,1638843);
INSERT INTO QuarterSales VALUES(1379,'가양1동',4,3421781);
INSERT INTO QuarterSales VALUES(1380,'장위1동',4,4970083);



INSERT INTO Anal2 VALUES('전농1동','동대문구',11,117,19,-23,27);
INSERT INTO Anal2 VALUES('서초2동','서초구',18,138,43,299,187);
INSERT INTO Anal2 VALUES('이문1동','동대문구',13,56,9,-29,-40);
INSERT INTO Anal2 VALUES('제기동','동대문구',10,163,13,-58,-13);
INSERT INTO Anal2 VALUES('광희동','중구',22,172,39,-41,160);
INSERT INTO Anal2 VALUES('상계2동','노원구',34,102,23,-75,53);
INSERT INTO Anal2 VALUES('창5동','도봉구',11,52,4,-9,-73);
INSERT INTO Anal2 VALUES('여의동','영등포구',18,466,49,730,227);
INSERT INTO Anal2 VALUES('망원1동','마포구',9,61,14,-71,-7);
INSERT INTO Anal2 VALUES('약수동','중구',3,34,12,19,-20);
INSERT INTO Anal2 VALUES('명일2동','강동구',7,40,37,119,147);
INSERT INTO Anal2 VALUES('능동','광진구',1,24,4,13,-73);
INSERT INTO Anal2 VALUES('구의2동','광진구',12,63,12,-19,-20);
INSERT INTO Anal2 VALUES('동선동','성북구',20,81,17,-81,13);
INSERT INTO Anal2 VALUES('홍제3동','서대문구',9,66,17,6,13);
INSERT INTO Anal2 VALUES('신당동','중구',13,78,6,180,-60);
INSERT INTO Anal2 VALUES('구의1동','광진구',20,78,14,116,-7);
INSERT INTO Anal2 VALUES('오륜동','송파구',10,12,13,335,-13);
INSERT INTO Anal2 VALUES('북가좌2동','서대문구',12,86,15,74,0);
INSERT INTO Anal2 VALUES('청구동','중구',3,20,5,-33,-67);
INSERT INTO Anal2 VALUES('방화2동','강서구',4,1,11,149,-27);
INSERT INTO Anal2 VALUES('북가좌1동','서대문구',2,16,9,162,-40);
INSERT INTO Anal2 VALUES('시흥1동','금천구',24,135,23,13,53);
INSERT INTO Anal2 VALUES('당산1동','영등포구',13,130,9,-16,-40);
INSERT INTO Anal2 VALUES('노량진1동','동작구',12,92,20,-51,33);
INSERT INTO Anal2 VALUES('낙성대동','관악구',4,84,5,-71,-67);
INSERT INTO Anal2 VALUES('방이2동','송파구',19,113,26,-6,73);
INSERT INTO Anal2 VALUES('송파1동','송파구',7,63,9,-58,-40);
INSERT INTO Anal2 VALUES('길동','강동구',28,40,21,16,40);
INSERT INTO Anal2 VALUES('삼전동','송파구',16,60,18,-9,20);
INSERT INTO Anal2 VALUES('합정동','마포구',8,73,5,-46,-67);
INSERT INTO Anal2 VALUES('청담동','강남구',13,106,20,-65,33);
INSERT INTO Anal2 VALUES('장안1동','동대문구',24,162,9,55,-40);
INSERT INTO Anal2 VALUES('논현2동','강남구',13,189,18,3,20);
INSERT INTO Anal2 VALUES('독산2동','금천구',8,48,9,10,-40);
INSERT INTO Anal2 VALUES('목4동','양천구',11,47,8,-45,-47);
INSERT INTO Anal2 VALUES('역삼2동','강남구',11,128,23,-83,53);
INSERT INTO Anal2 VALUES('쌍문1동','도봉구',11,21,9,-65,-40);
INSERT INTO Anal2 VALUES('원효로1동','용산구',6,76,10,164,-33);
INSERT INTO Anal2 VALUES('대흥동','마포구',17,72,51,-46,240);
INSERT INTO Anal2 VALUES('서교동','마포구',50,303,28,3,87);
INSERT INTO Anal2 VALUES('성산2동','마포구',5,50,6,-58,-60);
INSERT INTO Anal2 VALUES('오류2동','구로구',5,43,18,25,20);
INSERT INTO Anal2 VALUES('대치4동','강남구',22,157,26,-78,73);
INSERT INTO Anal2 VALUES('신월1동','양천구',15,75,6,-45,-60);
INSERT INTO Anal2 VALUES('신월4동','양천구',12,48,11,-62,-27);
INSERT INTO Anal2 VALUES('소공동','중구',33,193,139,-12,827);
INSERT INTO Anal2 VALUES('명동','중구',15,300,66,10,340);
INSERT INTO Anal2 VALUES('면목4동','중랑구',1,28,4,4,-73);
INSERT INTO Anal2 VALUES('발산1동','강서구',7,85,17,-88,13);
INSERT INTO Anal2 VALUES('면목7동','중랑구',4,57,13,-90,-13);
INSERT INTO Anal2 VALUES('후암동','용산구',5,37,8,-87,-47);
INSERT INTO Anal2 VALUES('구로4동','구로구',7,75,18,-12,20);
INSERT INTO Anal2 VALUES('회기동','동대문구',10,74,9,-64,-40);
INSERT INTO Anal2 VALUES('왕십리도선동','성동구',7,90,19,-65,27);
INSERT INTO Anal2 VALUES('시흥4동','금천구',7,20,15,-36,0);
INSERT INTO Anal2 VALUES('면목2동','중랑구',1,80,10,54,-33);
INSERT INTO Anal2 VALUES('상도4동','동작구',7,28,13,28,-13);
INSERT INTO Anal2 VALUES('안암동','성북구',12,86,6,125,-60);
INSERT INTO Anal2 VALUES('상도1동','동작구',22,67,13,-67,-13);
INSERT INTO Anal2 VALUES('상봉2동','중랑구',12,127,15,17,0);
INSERT INTO Anal2 VALUES('면목본동','중랑구',15,98,14,87,-7);
INSERT INTO Anal2 VALUES('정릉2동','성북구',5,30,9,-9,-40);
INSERT INTO Anal2 VALUES('사당4동','동작구',9,17,13,-1,-13);
INSERT INTO Anal2 VALUES('용강동','마포구',2,103,23,-25,53);
INSERT INTO Anal2 VALUES('신수동','마포구',4,42,5,-42,-67);
INSERT INTO Anal2 VALUES('대림3동','영등포구',7,73,14,-30,-7);
INSERT INTO Anal2 VALUES('대방동','동작구',11,34,14,-65,-7);
INSERT INTO Anal2 VALUES('인헌동','관악구',15,54,14,-30,-7);
INSERT INTO Anal2 VALUES('압구정동','강남구',15,144,124,28,727);
INSERT INTO Anal2 VALUES('서원동','관악구',11,113,18,-49,20);
INSERT INTO Anal2 VALUES('서초1동','서초구',11,116,21,-38,40);
INSERT INTO Anal2 VALUES('반포1동','서초구',17,62,40,16,167);
INSERT INTO Anal2 VALUES('흑석동','동작구',12,76,11,13,-27);
INSERT INTO Anal2 VALUES('성현동','관악구',3,19,11,-9,-27);
INSERT INTO Anal2 VALUES('난곡동','관악구',12,29,9,51,-40);
INSERT INTO Anal2 VALUES('신사동','관악구',34,55,42,243,180);
INSERT INTO Anal2 VALUES('개봉1동','구로구',19,64,14,136,-7);
INSERT INTO Anal2 VALUES('화양동','광진구',27,129,14,70,-7);
INSERT INTO Anal2 VALUES('사당1동','동작구',19,98,12,-65,-20);
INSERT INTO Anal2 VALUES('방배2동','서초구',7,88,11,-25,-27);
INSERT INTO Anal2 VALUES('양재1동','서초구',9,122,12,-7,-20);
INSERT INTO Anal2 VALUES('양재2동','서초구',20,197,9,135,-40);
INSERT INTO Anal2 VALUES('응암1동','은평구',5,50,8,65,-47);
INSERT INTO Anal2 VALUES('공항동','강서구',15,73,15,36,0);
INSERT INTO Anal2 VALUES('사당2동','동작구',24,74,28,7,87);
INSERT INTO Anal2 VALUES('석촌동','송파구',13,99,6,-43,-60);
INSERT INTO Anal2 VALUES('대치2동','강남구',14,142,17,-55,13);
INSERT INTO Anal2 VALUES('방배3동','서초구',1,23,5,-19,-67);
INSERT INTO Anal2 VALUES('대치1동','강남구',11,24,24,-87,60);
INSERT INTO Anal2 VALUES('상암동','마포구',17,170,31,16,107);
INSERT INTO Anal2 VALUES('한강로동','용산구',5,182,13,-59,-13);
INSERT INTO Anal2 VALUES('독산3동','금천구',10,84,12,-67,-20);
INSERT INTO Anal2 VALUES('창신1동','종로구',6,78,38,42,153);
INSERT INTO Anal2 VALUES('갈현1동','은평구',17,62,18,-17,20);
INSERT INTO Anal2 VALUES('창1동','도봉구',5,39,41,45,173);
INSERT INTO Anal2 VALUES('증산동','은평구',3,46,8,-78,-47);
INSERT INTO Anal2 VALUES('신월5동','양천구',9,47,8,84,-47);
INSERT INTO Anal2 VALUES('개포2동','강남구',8,29,11,-65,-27);
INSERT INTO Anal2 VALUES('공릉1동','노원구',14,104,17,30,13);
INSERT INTO Anal2 VALUES('잠실본동','송파구',27,163,55,-22,267);
INSERT INTO Anal2 VALUES('성내1동','강동구',7,103,13,-16,-13);
INSERT INTO Anal2 VALUES('화곡1동','강서구',20,114,12,-99,-20);
INSERT INTO Anal2 VALUES('잠원동','서초구',10,83,37,-48,147);
INSERT INTO Anal2 VALUES('개봉3동','구로구',14,29,20,-55,33);
INSERT INTO Anal2 VALUES('방학2동','도봉구',7,42,6,-58,-60);
INSERT INTO Anal2 VALUES('중곡2동','광진구',6,52,22,-30,47);
INSERT INTO Anal2 VALUES('쌍문3동','도봉구',5,35,12,68,-20);
INSERT INTO Anal2 VALUES('이화동','종로구',6,82,24,17,60);
INSERT INTO Anal2 VALUES('용문동','용산구',14,24,10,-90,-33);
INSERT INTO Anal2 VALUES('성수1가1동','성동구',6,44,13,25,-13);
INSERT INTO Anal2 VALUES('망우3동','중랑구',5,36,3,-30,-80);
INSERT INTO Anal2 VALUES('개봉2동','구로구',6,28,13,-71,-13);
INSERT INTO Anal2 VALUES('면목3.8동','중랑구',12,100,13,-57,-13);
INSERT INTO Anal2 VALUES('불광2동','은평구',11,68,8,-49,-47);
INSERT INTO Anal2 VALUES('종암동','성북구',11,89,12,-46,-20);
INSERT INTO Anal2 VALUES('번1동','강북구',7,86,16,-65,7);
INSERT INTO Anal2 VALUES('남가좌2동','서대문구',20,61,13,-45,-13);
INSERT INTO Anal2 VALUES('불광1동','은평구',4,70,27,29,80);
INSERT INTO Anal2 VALUES('북아현동','서대문구',1,29,9,-42,-40);
INSERT INTO Anal2 VALUES('사당5동','동작구',2,13,10,-1,-33);
INSERT INTO Anal2 VALUES('오금동','송파구',6,81,25,-48,67);
INSERT INTO Anal2 VALUES('서강동','마포구',1,72,5,-29,-67);
INSERT INTO Anal2 VALUES('신길7동','영등포구',3,22,11,-80,-27);
INSERT INTO Anal2 VALUES('대림1동','영등포구',6,53,9,45,-40);
INSERT INTO Anal2 VALUES('행운동','관악구',19,57,13,-46,-13);
INSERT INTO Anal2 VALUES('조원동','관악구',10,80,8,29,-47);
INSERT INTO Anal2 VALUES('암사3동','강동구',4,13,4,59,-73);
INSERT INTO Anal2 VALUES('창2동','도봉구',4,47,13,67,-13);
INSERT INTO Anal2 VALUES('신도림동','구로구',10,80,18,-61,20);
INSERT INTO Anal2 VALUES('삼성1동','강남구',12,157,31,25,107);
INSERT INTO Anal2 VALUES('개포4동','강남구',13,56,9,-75,-40);
INSERT INTO Anal2 VALUES('청파동','용산구',8,71,10,-70,-33);
INSERT INTO Anal2 VALUES('응암3동','은평구',27,100,12,12,-20);
INSERT INTO Anal2 VALUES('구로5동','구로구',12,1,10,-32,-33);
INSERT INTO Anal2 VALUES('역삼1동','강남구',67,593,63,136,320);
INSERT INTO Anal2 VALUES('장안2동','동대문구',17,114,13,77,-13);
INSERT INTO Anal2 VALUES('오류1동','구로구',10,53,28,-22,87);
INSERT INTO Anal2 VALUES('사직동','종로구',16,275,36,-43,140);
INSERT INTO Anal2 VALUES('숭인2동','종로구',8,73,11,-32,-27);
INSERT INTO Anal2 VALUES('휘경1동','동대문구',1,39,5,-57,-67);
INSERT INTO Anal2 VALUES('회현동','중구',3,149,31,-41,107);
INSERT INTO Anal2 VALUES('역촌동','은평구',9,77,11,-25,-27);
INSERT INTO Anal2 VALUES('신월3동','양천구',4,31,4,65,-73);
INSERT INTO Anal2 VALUES('화곡본동','강서구',8,54,14,-36,-7);
INSERT INTO Anal2 VALUES('상일동','강동구',11,61,11,-28,-27);
INSERT INTO Anal2 VALUES('천호1동','강동구',18,74,6,-49,-60);
INSERT INTO Anal2 VALUES('보광동','용산구',6,38,8,-94,-47);
INSERT INTO Anal2 VALUES('삼선동','성북구',10,116,13,90,-13);
INSERT INTO Anal2 VALUES('독산1동','금천구',9,248,16,-39,7);
INSERT INTO Anal2 VALUES('가락본동','송파구',24,148,15,-68,0);
INSERT INTO Anal2 VALUES('상계5동','노원구',7,51,12,22,-20);
INSERT INTO Anal2 VALUES('금호2.3가동','성동구',16,61,17,-65,13);
INSERT INTO Anal2 VALUES('창4동','도봉구',9,41,72,51,380);
INSERT INTO Anal2 VALUES('월곡2동','성북구',14,68,13,-13,-13);
INSERT INTO Anal2 VALUES('다산동','중구',3,58,9,-35,-40);
INSERT INTO Anal2 VALUES('이태원1동','용산구',4,71,28,-88,87);
INSERT INTO Anal2 VALUES('송정동','성동구',3,23,13,-52,-13);
INSERT INTO Anal2 VALUES('용답동','성동구',12,81,15,-68,0);
INSERT INTO Anal2 VALUES('수유3동','강북구',20,163,14,-26,-7);
INSERT INTO Anal2 VALUES('광장동','광진구',2,48,10,-65,-33);
INSERT INTO Anal2 VALUES('상계1동','노원구',4,1,7,-99,-53);
INSERT INTO Anal2 VALUES('등촌1동','강서구',5,72,7,48,-53);
INSERT INTO Anal2 VALUES('자양2동','광진구',7,35,11,-26,-27);
INSERT INTO Anal2 VALUES('창3동','도봉구',8,30,8,-26,-47);
INSERT INTO Anal2 VALUES('화곡8동','강서구',12,52,18,4,20);
INSERT INTO Anal2 VALUES('상도3동','동작구',17,34,23,-83,53);
INSERT INTO Anal2 VALUES('우이동','강북구',3,122,6,-80,-60);
INSERT INTO Anal2 VALUES('대학동','관악구',25,110,17,-12,13);
INSERT INTO Anal2 VALUES('도화동','마포구',12,83,20,1,33);
INSERT INTO Anal2 VALUES('성산1동','마포구',3,40,8,-1,-47);
INSERT INTO Anal2 VALUES('남현동','관악구',10,41,10,-10,-33);
INSERT INTO Anal2 VALUES('숭인1동','종로구',2,13,14,-25,-7);
INSERT INTO Anal2 VALUES('서초4동','서초구',11,101,130,-72,767);
INSERT INTO Anal2 VALUES('구산동','은평구',7,19,6,61,-60);
INSERT INTO Anal2 VALUES('청룡동','관악구',23,85,26,-28,73);
INSERT INTO Anal2 VALUES('미성동','관악구',10,49,11,-65,-27);
INSERT INTO Anal2 VALUES('삼성1동','관악구',12,157,31,45,107);
INSERT INTO Anal2 VALUES('삼성2동','관악구',21,92,18,12,20);
INSERT INTO Anal2 VALUES('용신동','동대문구',2,237,8,-59,-47);
INSERT INTO Anal2 VALUES('목1동','양천구',9,116,13,-99,-13);
INSERT INTO Anal2 VALUES('방배4동','서초구',9,69,25,-33,67);
INSERT INTO Anal2 VALUES('방학1동','도봉구',14,131,10,-59,-33);
INSERT INTO Anal2 VALUES('삼성2동','강남구',21,90,18,3,20);
INSERT INTO Anal2 VALUES('등촌3동','강서구',2,78,15,-36,0);
INSERT INTO Anal2 VALUES('대조동','은평구',14,111,15,-58,0);
INSERT INTO Anal2 VALUES('행당1동','성동구',13,72,15,84,0);
INSERT INTO Anal2 VALUES('구로3동','구로구',15,186,31,168,107);
INSERT INTO Anal2 VALUES('방화1동','강서구',18,77,9,16,-40);
INSERT INTO Anal2 VALUES('화곡3동','강서구',8,45,6,-35,-60);
INSERT INTO Anal2 VALUES('신정4동','양천구',4,98,7,-4,-53);
INSERT INTO Anal2 VALUES('방학3동','도봉구',2,22,2,-68,-87);
INSERT INTO Anal2 VALUES('우장산동','강서구',1,43,8,-48,-47);
INSERT INTO Anal2 VALUES('청량리동','동대문구',7,94,10,-19,-33);
INSERT INTO Anal2 VALUES('신촌동','서대문구',42,185,105,-46,600);
INSERT INTO Anal2 VALUES('신정3동','양천구',8,34,10,-12,-33);
INSERT INTO Anal2 VALUES('종로1.2.3.4가동','종로구',67,573,61,-77,307);
INSERT INTO Anal2 VALUES('신월6동','양천구',3,16,13,25,-13);
INSERT INTO Anal2 VALUES('중화2동','중랑구',16,90,11,-17,-27);
INSERT INTO Anal2 VALUES('신사2동','은평구',6,1,7,104,-53);
INSERT INTO Anal2 VALUES('자양1동','광진구',7,88,8,20,-47);
INSERT INTO Anal2 VALUES('화곡2동','강서구',2,19,7,49,-53);
INSERT INTO Anal2 VALUES('정릉4동','성북구',4,37,17,4,13);
INSERT INTO Anal2 VALUES('화곡4동','강서구',13,56,15,-51,0);
INSERT INTO Anal2 VALUES('자양4동','광진구',16,80,9,-39,-40);
INSERT INTO Anal2 VALUES('신정2동','양천구',13,35,12,4,-20);
INSERT INTO Anal2 VALUES('도림동','영등포구',7,34,9,339,-40);
INSERT INTO Anal2 VALUES('성내2동','강동구',13,106,9,6,-40);
INSERT INTO Anal2 VALUES('보문동','성북구',9,48,9,-12,-40);
INSERT INTO Anal2 VALUES('길음2동','성북구',3,38,17,-25,13);
INSERT INTO Anal2 VALUES('일원1동','강남구',6,1,12,-16,-20);
INSERT INTO Anal2 VALUES('동화동','중구',4,29,10,-42,-33);
INSERT INTO Anal2 VALUES('중계4동','노원구',11,51,25,-28,67);
INSERT INTO Anal2 VALUES('한남동','용산구',8,86,14,146,-7);
INSERT INTO Anal2 VALUES('고척1동','구로구',13,68,14,68,-7);
INSERT INTO Anal2 VALUES('답십리2동','동대문구',5,64,9,-52,-40);
INSERT INTO Anal2 VALUES('수유2동','강북구',3,47,4,-42,-73);
INSERT INTO Anal2 VALUES('남가좌1동','서대문구',1,37,9,-32,-40);
INSERT INTO Anal2 VALUES('서초3동','서초구',16,268,24,-39,60);
INSERT INTO Anal2 VALUES('송중동','강북구',26,110,19,9,27);
INSERT INTO Anal2 VALUES('미아동','강북구',13,89,11,-67,-27);
INSERT INTO Anal2 VALUES('신월7동','양천구',7,46,9,-55,-40);
INSERT INTO Anal2 VALUES('홍은1동','서대문구',7,36,11,-30,-27);
INSERT INTO Anal2 VALUES('수궁동','구로구',8,36,10,-32,-33);
INSERT INTO Anal2 VALUES('옥수동','성동구',3,24,12,-77,-20);
INSERT INTO Anal2 VALUES('시흥5동','금천구',3,45,9,-33,-40);
INSERT INTO Anal2 VALUES('신대방2동','동작구',7,71,14,-14,-7);
INSERT INTO Anal2 VALUES('신길1동','영등포구',6,39,9,-49,-40);
INSERT INTO Anal2 VALUES('염리동','마포구',9,34,9,-51,-40);
INSERT INTO Anal2 VALUES('양평1동','영등포구',3,96,8,42,-47);
INSERT INTO Anal2 VALUES('신원동','관악구',10,51,13,-83,-13);
INSERT INTO Anal2 VALUES('신길3동','영등포구',2,34,5,-58,-67);
INSERT INTO Anal2 VALUES('가산동','금천구',26,300,31,-3,107);
INSERT INTO Anal2 VALUES('목2동','양천구',3,33,10,4,-33);
INSERT INTO Anal2 VALUES('염창동','강서구',9,67,10,-72,-33);
INSERT INTO Anal2 VALUES('성내3동','강동구',19,179,17,13,13);
INSERT INTO Anal2 VALUES('갈현2동','은평구',10,52,14,65,-7);
INSERT INTO Anal2 VALUES('독산4동','금천구',9,40,7,-72,-53);
INSERT INTO Anal2 VALUES('교남동','종로구',5,17,8,-35,-47);
INSERT INTO Anal2 VALUES('자양3동','광진구',7,43,5,-19,-67);
INSERT INTO Anal2 VALUES('도봉1동','도봉구',12,114,9,-22,-40);
INSERT INTO Anal2 VALUES('중곡1동','광진구',13,68,15,48,0);
INSERT INTO Anal2 VALUES('망우본동','중랑구',7,1,17,-25,13);
INSERT INTO Anal2 VALUES('서림동','관악구',9,51,13,241,-13);
INSERT INTO Anal2 VALUES('청림동','관악구',6,7,14,-72,-7);
INSERT INTO Anal2 VALUES('마천2동','송파구',6,53,18,-78,20);
INSERT INTO Anal2 VALUES('방배1동','서초구',10,68,24,23,60);
INSERT INTO Anal2 VALUES('가락2동','송파구',13,49,19,-38,27);
INSERT INTO Anal2 VALUES('천호3동','강동구',4,98,8,6,-47);
INSERT INTO Anal2 VALUES('혜화동','종로구',13,151,17,12,13);
INSERT INTO Anal2 VALUES('목3동','양천구',7,40,17,-99,13);
INSERT INTO Anal2 VALUES('신내1동','중랑구',12,31,31,-71,107);
INSERT INTO Anal2 VALUES('성수1가2동','성동구',10,106,10,16,-33);
INSERT INTO Anal2 VALUES('길음1동','성북구',2,24,8,-77,-47);
INSERT INTO Anal2 VALUES('월곡1동','성북구',5,40,7,130,-53);
INSERT INTO Anal2 VALUES('묵1동','중랑구',5,54,7,170,-53);
INSERT INTO Anal2 VALUES('장위2동','성북구',5,49,7,9,-53);
INSERT INTO Anal2 VALUES('상도2동','동작구',3,50,15,-99,0);
INSERT INTO Anal2 VALUES('정릉3동','성북구',13,35,12,-32,-20);
INSERT INTO Anal2 VALUES('천호2동','강동구',18,221,21,-1,40);
INSERT INTO Anal2 VALUES('가리봉동','구로구',10,47,5,-29,-67);
INSERT INTO Anal2 VALUES('방배본동','서초구',6,59,13,-7,-13);
INSERT INTO Anal2 VALUES('문정1동','송파구',7,52,8,-59,-47);
INSERT INTO Anal2 VALUES('이촌1동','용산구',5,37,4,-58,-73);
INSERT INTO Anal2 VALUES('망원2동','마포구',1,52,12,-23,-20);
INSERT INTO Anal2 VALUES('암사1동','강동구',9,105,12,-38,-20);
INSERT INTO Anal2 VALUES('장충동','중구',4,46,11,-48,-27);
INSERT INTO Anal2 VALUES('군자동','광진구',10,63,27,335,80);
INSERT INTO Anal2 VALUES('녹번동','은평구',2,61,11,259,-27);
INSERT INTO Anal2 VALUES('필동','중구',12,120,43,-30,187);
INSERT INTO Anal2 VALUES('연희동','서대문구',2,80,6,22,-60);
INSERT INTO Anal2 VALUES('신사1동','은평구',3,28,8,-42,-47);
INSERT INTO Anal2 VALUES('신림동','관악구',10,77,27,96,80);
INSERT INTO Anal2 VALUES('아현동','마포구',2,57,10,-94,-33);
INSERT INTO Anal2 VALUES('공덕동','마포구',5,141,13,-20,-13);
INSERT INTO Anal2 VALUES('신정1동','양천구',8,59,10,-71,-33);
INSERT INTO Anal2 VALUES('구의3동','광진구',5,104,8,-35,-47);
INSERT INTO Anal2 VALUES('양평2동','영등포구',9,83,15,-29,0);
INSERT INTO Anal2 VALUES('신정7동','양천구',5,29,9,284,-40);
INSERT INTO Anal2 VALUES('사근동','성동구',9,76,11,-71,-27);
INSERT INTO Anal2 VALUES('중앙동','관악구',7,62,4,88,-73);
INSERT INTO Anal2 VALUES('충현동','서대문구',4,127,26,39,73);
INSERT INTO Anal2 VALUES('보라매동','관악구',8,63,7,-51,-53);
INSERT INTO Anal2 VALUES('시흥3동','금천구',5,55,7,149,-53);
INSERT INTO Anal2 VALUES('노량진2동','동작구',4,47,4,39,-73);
INSERT INTO Anal2 VALUES('홍제1동','서대문구',4,45,18,20,20);
INSERT INTO Anal2 VALUES('당산2동','영등포구',1,96,16,-43,7);
INSERT INTO Anal2 VALUES('인수동','강북구',2,54,3,-51,-80);
INSERT INTO Anal2 VALUES('난향동','관악구',4,5,7,-72,-53);
INSERT INTO Anal2 VALUES('대림2동','영등포구',4,36,9,-70,-40);
INSERT INTO Anal2 VALUES('은천동','관악구',5,87,7,-28,-53);
INSERT INTO Anal2 VALUES('영등포본동','영등포구',3,49,7,-68,-53);
INSERT INTO Anal2 VALUES('월계1동','노원구',7,84,19,-23,27);
INSERT INTO Anal2 VALUES('가양1동','강서구',1,235,7,-48,-53);
INSERT INTO Anal2 VALUES('등촌2동','강서구',6,19,5,6,-67);
INSERT INTO Anal2 VALUES('화곡6동','강서구',11,102,22,33,47);
INSERT INTO Anal2 VALUES('석관동','성북구',9,100,4,-32,-73);
INSERT INTO Anal2 VALUES('가회동','종로구',3,63,29,-3,93);
INSERT INTO Anal2 VALUES('성수2가3동','성동구',1,155,6,-28,-60);
INSERT INTO Anal2 VALUES('성수2가1동','성동구',5,88,14,-51,-7);
INSERT INTO Anal2 VALUES('상봉1동','중랑구',3,15,4,-59,-73);
INSERT INTO Anal2 VALUES('부암동','종로구',1,29,7,10,-53);
INSERT INTO Anal2 VALUES('중곡4동','광진구',2,48,16,42,7);
INSERT INTO Anal2 VALUES('묵2동','중랑구',10,58,13,7,-13);
INSERT INTO Anal2 VALUES('고덕2동','강동구',2,39,10,-55,-33);
INSERT INTO Anal2 VALUES('쌍문2동','도봉구',3,50,3,-75,-80);
INSERT INTO Anal2 VALUES('답십리1동','동대문구',1,52,6,-81,-60);
INSERT INTO Anal2 VALUES('신월2동','양천구',5,23,6,-51,-60);
INSERT INTO Anal2 VALUES('을지로동','중구',9,181,31,-52,107);
INSERT INTO Anal2 VALUES('원효로2동','용산구',4,38,11,3,-27);
INSERT INTO Anal2 VALUES('왕십리2동','성동구',5,26,9,-9,-40);
INSERT INTO Anal2 VALUES('도곡2동','강남구',4,48,11,-90,-27);
INSERT INTO Anal2 VALUES('휘경2동','동대문구',3,31,4,-72,-73);
INSERT INTO Anal2 VALUES('신당5동','중구',9,65,15,-17,0);
INSERT INTO Anal2 VALUES('황학동','중구',4,80,11,22,-27);
INSERT INTO Anal2 VALUES('천연동','서대문구',2,44,15,23,0);
INSERT INTO Anal2 VALUES('이촌2동','용산구',4,10,9,26,-40);
INSERT INTO Anal2 VALUES('상계6.7동','노원구',5,72,47,-10,213);
INSERT INTO Anal2 VALUES('송천동','강북구',12,115,8,-22,-47);
INSERT INTO Anal2 VALUES('하계1동','노원구',5,45,5,-41,-67);
INSERT INTO Anal2 VALUES('수서동','강남구',5,54,43,64,187);
INSERT INTO Anal2 VALUES('수색동','은평구',2,28,7,-26,-53);
INSERT INTO Anal2 VALUES('구로2동','구로구',3,159,5,-26,-67);
INSERT INTO Anal2 VALUES('중곡3동','광진구',2,40,12,-20,-20);
INSERT INTO Anal2 VALUES('남영동','용산구',6,107,19,12,27);
INSERT INTO Anal2 VALUES('반포4동','서초구',1,96,21,-93,40);
INSERT INTO Anal2 VALUES('용산2가동','용산구',7,24,12,16,-20);
INSERT INTO Anal2 VALUES('이문2동','동대문구',2,9,3,59,-80);
INSERT INTO Anal2 VALUES('종로5.6가동','종로구',17,227,24,-32,60);
INSERT INTO Anal2 VALUES('방이1동','송파구',2,61,14,-29,-7);
INSERT INTO Anal2 VALUES('마장동','성동구',3,61,9,-58,-40);
INSERT INTO Anal2 VALUES('중화1동','중랑구',0,24,8,68,-47);
INSERT INTO Anal2 VALUES('신대방1동','동작구',7,33,18,100,20);
INSERT INTO Anal2 VALUES('도곡1동','강남구',5,45,30,288,100);
INSERT INTO Anal2 VALUES('연남동','마포구',3,58,10,46,-33);
INSERT INTO Anal2 VALUES('명일1동','강동구',12,83,34,20,127);
INSERT INTO Anal2 VALUES('창신2동','종로구',4,56,6,-80,-60);
INSERT INTO Anal2 VALUES('풍납1동','송파구',4,34,17,-10,13);
INSERT INTO Anal2 VALUES('홍제2동','서대문구',6,22,19,-55,27);
INSERT INTO Anal2 VALUES('잠실6동','송파구',3,108,49,39,227);
INSERT INTO Anal2 VALUES('영등포동','영등포구',17,265,37,-14,147);
INSERT INTO Anal2 VALUES('암사2동','강동구',3,45,44,-1,193);
INSERT INTO Anal2 VALUES('신길4동','영등포구',1,19,6,28,-60);
INSERT INTO Anal2 VALUES('고덕1동','강동구',6,27,6,-67,-60);
INSERT INTO Anal2 VALUES('사당3동','동작구',5,31,5,0,-67);
INSERT INTO Anal2 VALUES('도봉2동','도봉구',3,44,7,77,-53);


INSERT INTO AnalSales values('종로1.2.3.4가동','종로구',67930059,8965226,10270263,10036333,10226252,12111503,9930880,6389601,38926416,18551685,19618390,24879902,12979807);
INSERT INTO AnalSales values('신촌동','서대문구',44393179,5558156,6165716,6242488,6441930,7378800,7172922,5433163,19256910,24523503,31391934,8067961,4320516);
INSERT INTO AnalSales values('소공동','중구',83530245,13090586,14767599,14272827,15750554,14709752,6769560,4169363,37926703,23065166,13096981,36987836,10907049);
INSERT INTO AnalSales values('역삼1동','강남구',79879449,10588086,12571908,12820563,12977326,13857338,10046428,7017797,40337935,24053837,19934918,32027368,12429484);
INSERT INTO AnalSales values('서교동','마포구',50977229,5956878,7103376,6750334,7186389,8232037,9063886,6684325,27217837,17867531,15445870,21521732,8117766);
INSERT INTO AnalSales values('동선동','성북구',54414763,5680271,6368373,7392144,7133996,9288752,9860608,8690615,28174811,24856135,19243880,23012892,10774173);
INSERT INTO AnalSales values('명동','중구',143816645,20994281,23551292,24331613,25831059,26010767,15050738,8046892,70510847,41447210,21706048,63524003,26728004);
INSERT INTO AnalSales values('화양동','광진구',49271230,6207228,6794435,7151650,6806472,7787219,7979554,6544670,30146435,18484712,32728481,11509394,4393269);
INSERT INTO AnalSales values('상암동','마포구',66346356,9621991,12014105,10249882,10755238,10693250,8300251,4711636,31565859,19908813,12469513,29844718,9160440);
INSERT INTO AnalSales values('목1동','양천구',213011965,22067601,27289321,26087271,30425277,38032000,36943310,32167183,111233682,84431561,62046085,96872026,36747129);
INSERT INTO AnalSales values('상계2동','노원구',32982706,3000528,3800033,4278646,4077446,5816575,6499407,5510068,18189669,14513913,11822933,13457173,7423474);
INSERT INTO AnalSales values('잠실본동','송파구',69967679,6420829,8935091,9296022,9042268,11562789,13450044,11260633,38062157,25576980,17743061,30667431,15228643);
INSERT INTO AnalSales values('신사동','관악구',28033452,3191149,3701493,3772051,3810499,4680635,4735547,4142075,14971050,11482790,9790604,11648006,5015228);
INSERT INTO AnalSales values('남가좌2동','서대문구',40773122,4050713,5111677,5114807,5209844,7070129,7418697,6797252,22461120,18088163,8707976,21024100,10817204);
INSERT INTO AnalSales values('대치4동','강남구',89324826,10283413,11959832,12099522,12683292,15327893,14082298,12888574,42438093,35963734,13126979,44187598,21087247);
INSERT INTO AnalSales values('서초3동','서초구',80475383,9584684,11371856,12090943,12056990,14226732,11554338,9589836,41598467,28541105,18719750,32633808,18786013);
INSERT INTO AnalSales values('서초4동','서초구',121063813,16846068,18835982,19954304,18935614,22936352,16048618,7506873,66454044,30182054,17409036,43526777,35700283);
INSERT INTO AnalSales values('반포1동','서초구',40377382,4718466,5601109,5320145,5559712,6752967,7267466,5157515,20128567,15195649,9141726,17269470,8913019);
INSERT INTO AnalSales values('삼성1동','강남구',108422993,16498444,17434145,18794580,19841862,17283209,10840670,7730080,49207412,25039753,14417096,44413826,15416241);
INSERT INTO AnalSales values('가락본동','송파구',48900783,7401016,7677537,7607091,7546275,8601553,6540625,3526683,25427146,15479314,7152775,22882819,10870862);
INSERT INTO AnalSales values('서초2동','서초구',126639800,15551309,17055296,18265055,19392407,21803628,18306863,16265239,63868253,42451658,30839688,53280191,22200029);
INSERT INTO AnalSales values('신내1동','중랑구',61218598,5845334,7521069,7611619,7842628,10187691,11528504,10681750,32331783,28202117,13400690,32905340,14227868);
INSERT INTO AnalSales values('성내2동','강동구',177363952,18356512,22578147,24070223,22850666,26745984,33843696,28918721,98702099,77400198,72138255,71861856,32102184);
INSERT INTO AnalSales values('도화동','마포구',47045732,5773084,6433388,6271966,6290033,8504430,7095754,6677075,24486133,17980699,9959124,21723261,10784444);
INSERT INTO AnalSales values('사직동','종로구',61424788,8205880,9853610,9091980,10042841,10156007,7742066,6332401,30693937,21171777,13649252,26368408,11848052);
INSERT INTO AnalSales values('시흥1동','금천구',34104265,3549023,4408467,4571375,4531769,5769442,5842582,5431605,19544707,13530321,8739701,15713457,8621867);
INSERT INTO AnalSales values('영등포동','영등포구',37671539,4168962,4492381,4607277,5003979,6266748,7690036,5442153,24169885,11308288,8956061,16579640,9942469);
INSERT INTO AnalSales values('군자동','광진구',163848976,18038313,19987565,22961277,25127398,28761438,26868777,22104204,102238684,58518311,87673768,54706511,18376714);
INSERT INTO AnalSales values('여의동','영등포구',97803846,13976038,15923977,15373452,15415071,16862498,11437674,8815133,41537791,29106968,23752565,34383500,12508693);
INSERT INTO AnalSales values('종로5.6가동','종로구',41906448,5785741,6650427,6931367,7135551,7443494,5011884,2947980,25388966,9980008,5137070,17064248,13167654);
INSERT INTO AnalSales values('부암동','종로구',678126217,93566030,72161599,83205866,69999520,86351144,155540876,117301180,309165006,333012458,155647636,313055213,173474614);
INSERT INTO AnalSales values('충현동','서대문구',145077511,19185862,21508634,20066364,26541206,25613425,17692284,14469733,72766246,51766271,40205461,54876680,29450374);
INSERT INTO AnalSales values('논현2동','강남구',146905494,21443401,24012221,22648291,24267976,23618395,17409333,13505873,67683650,44153343,23920311,64648214,23268467);
INSERT INTO AnalSales values('혜화동','종로구',44434400,5083835,5476019,6181024,6261911,7276555,7848585,6306469,28957783,14254900,18728258,14345887,10138535);
INSERT INTO AnalSales values('서원동','관악구',86046820,10339279,10516188,10890104,10474148,13467088,15188390,15171621,48221785,37207267,41507956,31135772,12785322);
INSERT INTO AnalSales values('사근동','성동구',73055994,8658471,9875997,10262749,10926530,13345206,11191639,8795398,44263881,27155197,43504377,19558483,8356215);
INSERT INTO AnalSales values('대치2동','강남구',69768601,9601119,11249555,10857042,10729559,11053990,9363935,6913398,33707628,21188285,8975070,31500231,14420610);
INSERT INTO AnalSales values('방배1동','서초구',67699875,7633613,8453237,8952070,9263892,11685965,10995954,10715141,32422810,27881423,11234022,29867184,19203024);
INSERT INTO AnalSales values('신대방2동','동작구',44464906,5749970,6315247,5665669,6437072,7377621,6974541,5944783,22424652,18473797,11400470,22020680,7477297);
INSERT INTO AnalSales values('가산동','금천구',48710247,7623988,9028888,8621461,9392832,8433822,3269392,2339861,25649900,11526588,7459235,22190942,7526309);
INSERT INTO AnalSales values('상도3동','동작구',34485757,3576068,4788700,4668110,4650960,5768480,5817170,5216267,19214753,15118076,9280941,17216349,7835537);
INSERT INTO AnalSales values('오륜동','송파구',52722275,6390391,6597370,6118259,7448981,8160491,9725786,8280995,30317379,19060253,20135019,21076826,8165786);
INSERT INTO AnalSales values('방이2동','송파구',67339444,7867945,8286291,7882031,9114520,10456215,12594609,11137829,38298615,25708897,20836789,29186299,13984423);
INSERT INTO AnalSales values('행운동','관악구',32163802,3330937,4145170,4073145,4015197,5308802,5827689,5462859,18409485,13023672,10953676,13225354,7254125);
INSERT INTO AnalSales values('양평2동','영등포구',61628869,6789839,7760968,8619116,9189579,11489514,9537939,8241911,33962232,22006649,18835965,27699235,9433679);
INSERT INTO AnalSales values('망원1동','마포구',56321665,5781363,6058585,6150939,6193236,8339824,12445620,11352095,25649656,29521702,14690295,28099201,12381860);
INSERT INTO AnalSales values('양재2동','서초구',35835080,5084266,5725131,5336601,5490814,5579549,4594590,4024126,20559796,9310494,5388789,15939856,8541642);
INSERT INTO AnalSales values('안암동','성북구',62868599,7269566,8611648,8871005,9305166,9693873,10960898,8156439,38284092,20774999,28292279,20027594,10739217);
INSERT INTO AnalSales values('갈현1동','은평구',26446420,2789956,3155105,3433043,3310431,4502586,4989893,4265402,15321706,10954829,9714137,10832073,5730324);
INSERT INTO AnalSales values('공릉1동','노원구',52200298,6164837,6473211,6875459,6632515,8998096,9064510,7991669,33571406,17647269,18286905,20421841,12509927);
INSERT INTO AnalSales values('천호2동','강동구',39555694,4624466,4475378,4806854,4645516,6699749,7375921,6927806,21934582,16997386,8636388,20800568,9495010);
INSERT INTO AnalSales values('동화동','중구',275940031,30995189,31996898,33931489,36693651,51609538,47540999,43172264,151115779,117108368,71698246,114873388,81652511);
INSERT INTO AnalSales values('중계4동','노원구',48367419,5164379,6031970,5786841,6317560,7446313,9362970,8257382,31434314,16447293,7775590,23291631,16814384);
INSERT INTO AnalSales values('대치1동','강남구',61204577,6871969,7596906,7571434,8748363,9253387,11668839,9493676,30451662,22774252,8156643,25641115,19428153);
INSERT INTO AnalSales values('대학동','관악구',26811052,3091332,3473084,3232404,3297494,3942513,4931148,4843074,18562460,8050201,10860502,10733661,5018497);
INSERT INTO AnalSales values('독산4동','금천구',36634197,3692574,4824764,4982231,4229240,6027573,6257431,6620380,22392866,13591602,10304489,14164494,11515484);
INSERT INTO AnalSales values('오금동','송파구',66512265,6368645,7539504,8096049,7971112,11611210,12971843,11953899,36880822,26951166,15372236,29083060,19376689);
INSERT INTO AnalSales values('이촌1동','용산구',90816910,7805665,10810142,10667374,12099506,15938553,17925636,15570031,43583764,36737498,12252309,39455542,28613409);
INSERT INTO AnalSales values('역삼2동','강남구',59499027,8920377,9581886,10194275,9976772,10710777,6880584,3234354,26095475,19929674,6534704,27744583,11745862);
INSERT INTO AnalSales values('화곡1동','강서구',42142564,5179875,5233696,5390481,5440294,6850580,7270776,6776858,24776512,16839290,8742314,22253356,10620131);
INSERT INTO AnalSales values('왕십리도선동','성동구',66322464,7556623,8307482,8836735,8705583,10273579,11839293,10803165,35265385,26021343,17589562,27359824,16337341);
INSERT INTO AnalSales values('청파동','용산구',70724299,8429709,10008021,10165954,11039387,11871081,10721347,8488797,28911607,33261936,26714554,23415754,12043234);
INSERT INTO AnalSales values('방배본동','서초구',80595534,8734036,10445273,10297534,10212943,12973441,14594502,13337802,41386346,34451375,17170559,38281319,20385842);
INSERT INTO AnalSales values('응암3동','은평구',27383748,3102865,3293488,3563263,3231969,4188983,5298334,4704844,16004370,10765442,4247403,14182989,8339418);
INSERT INTO AnalSales values('이화동','종로구',55816961,5249464,6391590,7240502,8045911,8069747,11417197,9402546,26042339,27327718,23170045,20755002,9445007);
INSERT INTO AnalSales values('등촌3동','강서구',145432378,17129387,21723401,20225044,21919457,24034130,22958189,17442767,80083820,42852958,28988980,56090532,37857264);
INSERT INTO AnalSales values('구의2동','광진구',34412228,3738188,4177766,4387491,4047784,5804851,6190829,6065317,19893237,13318267,7235724,15477239,10498539);
INSERT INTO AnalSales values('구로4동','구로구',53132392,6371390,8544673,7118777,8352556,9282550,8194319,5268124,31457073,20643510,4979917,24222094,22898570);
INSERT INTO AnalSales values('필동','중구',46971734,6192026,7034198,7505612,8190114,7790066,6234507,4025209,26475876,12788979,16536541,13038653,9689659);
INSERT INTO AnalSales values('오류2동','구로구',55121764,5635224,6636661,7005177,6783727,9376833,9975101,9709038,29286527,22477097,10828769,28073327,12861525);
INSERT INTO AnalSales values('남현동','관악구',73802021,7476340,9031032,10010447,9630091,13468455,13164366,11021288,45183051,25156984,17378098,31747759,21214177);
INSERT INTO AnalSales values('압구정동','강남구',43393938,5617295,7145871,6612941,7401313,7734707,5639883,3241925,21415052,11669050,7328759,17732089,8023251);
INSERT INTO AnalSales values('신도림동','구로구',48732000,5422017,6392031,7090077,6714244,8775385,8400910,5937333,30301451,15295152,7813065,21303612,16510321);
INSERT INTO AnalSales values('사당2동','동작구',31358650,3242929,4025850,3848263,3997902,5166677,6065794,5011232,17241303,13345831,6459222,13324292,10803618);
INSERT INTO AnalSales values('길동','강동구',36825315,3685330,4804388,4567863,4780469,6016618,6817131,6153513,20519965,15219679,7516111,17676837,10546695);
INSERT INTO AnalSales values('용문동','용산구',19666482,2198967,2444945,2611623,2546616,3220905,3653258,2990165,10158071,7859726,3192896,9876302,4948597);
INSERT INTO AnalSales values('화곡6동','강서구',36188318,4324752,4574771,4920175,4485410,5401101,6460510,6021596,22238151,12812692,5282308,20253473,9515060);
INSERT INTO AnalSales values('송중동','강북구',18944446,2041319,2333720,2432334,2398454,3098178,3710017,2930420,10472554,8308448,5656953,9429576,3694471);
INSERT INTO AnalSales values('사당4동','동작구',44270900,4419709,5789978,5875766,5631986,7112538,7965317,7475604,25149326,18215860,9249900,23342402,10772881);
INSERT INTO AnalSales values('수서동','강남구',62797729,8431631,9243500,9420825,8929752,10854296,9063418,6854305,36241224,19722248,8872032,28913340,18178099);
INSERT INTO AnalSales values('화곡4동','강서구',30095453,3250061,3481035,3955650,3942988,4941650,5322095,5201971,16429915,13297667,6427282,14997340,8302959);
INSERT INTO AnalSales values('회기동','동대문구',64446610,8987535,8415675,8666681,8516686,9911991,10518452,9429588,38775087,24516531,35098835,18062687,10130094);
INSERT INTO AnalSales values('구로3동','구로구',61006091,8398978,8648085,9067042,9067045,10976382,8040366,6808191,31755397,19111314,13939899,28354520,8572290);
INSERT INTO AnalSales values('성내1동','강동구',32418264,3522004,4256776,3886275,3815866,5742518,5932551,5262271,17569008,13890828,4794949,17930034,8734850);
INSERT INTO AnalSales values('전농1동','동대문구',39808434,3804236,5045901,5047927,5464283,6291714,7718049,6436322,24435737,14008005,6214047,19340632,12887903);
INSERT INTO AnalSales values('정릉3동','성북구',23468083,3216501,3451122,3361620,3431442,3634213,3477518,2895664,14949995,8109384,9611180,8489412,4958785);
INSERT INTO AnalSales values('자양4동','광진구',17303997,2052051,2287108,2267181,2282604,2978542,2780938,2655571,9667663,7113020,7668150,5470113,3642419);
INSERT INTO AnalSales values('면목본동','중랑구',40447684,4160249,5150704,5329418,5511493,6791303,7710602,5793913,23621861,16552434,8666050,19857383,11650859);
INSERT INTO AnalSales values('광희동','중구',24444670,3086091,3585346,3259010,3991076,4475188,3732374,2315581,13636050,8451115,6947134,9878935,5261095);
INSERT INTO AnalSales values('양재1동','서초구',69992160,8994004,10060538,8857228,9281793,12202156,10645733,9950705,37136201,23882841,15239693,31831392,13947955);
INSERT INTO AnalSales values('천호3동','강동구',45618343,6428677,6828351,7254474,5909340,8262722,8541453,2393324,25160359,15957907,6989377,22392234,11736651);
INSERT INTO AnalSales values('금호2.3가동','성동구',21145131,2250271,2913947,2697018,2748461,3579982,3753936,3201515,12589390,8069151,3854676,10660733,6143129);
INSERT INTO AnalSales values('상도1동','동작구',41156699,4694255,5774361,5271019,5165233,7019038,6979444,6253347,21764276,17628605,13666171,16522165,9204543);
INSERT INTO AnalSales values('갈현2동','은평구',31842929,2152517,4476989,4370675,4125938,5641571,6044019,5031216,17426964,14012652,5561435,17610467,8267712);
INSERT INTO AnalSales values('난곡동','관악구',51068349,5501996,7710096,6774206,6854297,8486473,8857975,6883302,30097262,20430006,8889730,28189946,13447590);
INSERT INTO AnalSales values('청담동','강남구',79462779,9028328,12376253,11515307,13217647,13449533,11447998,8427709,32959834,29778796,13755210,34149571,14833847);
INSERT INTO AnalSales values('길음1동','성북구',112244252,13091703,16478985,16097543,16469092,19000170,14933433,16173322,74065715,38178536,12721348,40947788,58575113);
INSERT INTO AnalSales values('화곡8동','강서구',51186897,5917920,6553636,6705615,7110557,9660323,10055923,5182920,28581676,22415528,14014566,26944649,10036529);
INSERT INTO AnalSales values('창4동','도봉구',29235324,3183226,3600809,3805816,3668736,5038271,5372092,4566372,18346711,10632272,7462463,13136315,8380203);
INSERT INTO AnalSales values('쌍문1동','도봉구',35326341,4125672,4439885,4522634,4390571,5644064,6057068,6146445,19699852,15061774,6165783,18783181,9812660);
INSERT INTO AnalSales values('남가좌1동','서대문구',159095540,14669338,17703532,17080835,21884997,30114953,32346386,25295497,82851928,63865838,18416095,99165768,29135901);
INSERT INTO AnalSales values('역촌동','은평구',53380461,6399534,5560803,6588683,7258341,8846479,9328423,9398195,27666873,24328396,10361450,27719410,13914408);
INSERT INTO AnalSales values('용산2가동','용산구',23998290,2935939,2838240,3013686,3602153,4398419,3926616,3283233,12738812,10218931,9194323,10315248,3448170);
INSERT INTO AnalSales values('삼성2동','강남구',52682896,7471403,8994339,8063747,9444984,9095082,6173797,3439542,26074334,16848153,9730532,24319984,8871969);
INSERT INTO AnalSales values('개포4동','강남구',24689684,2803951,3345297,3176417,3244872,3996487,4511020,3611637,12951165,9379282,3639396,11405839,7285209);
INSERT INTO AnalSales values('공항동','강서구',41890974,4699889,5601775,6189503,5629633,7239633,7147366,5383173,23983693,15360572,9457122,20103506,9783634);
INSERT INTO AnalSales values('행당1동','성동구',21457067,2293690,2561347,3025613,2609928,3729804,3727445,3509236,11400831,9548570,4811827,10527405,5610166);
INSERT INTO AnalSales values('흑석동','동작구',47894007,6001658,5903715,7145721,6565466,8114554,7226702,6936188,25972198,19030452,18792651,16235320,9974678);
INSERT INTO AnalSales values('성현동','관악구',66499532,4630145,10714155,7422426,8496347,11120241,12170717,11945497,36265876,27436491,11206341,33656967,18839059);
INSERT INTO AnalSales values('신월7동','양천구',33184164,3868072,4573048,3993123,4005119,5636146,6011002,5097651,18314209,14366659,4756949,19215379,8708538);
INSERT INTO AnalSales values('인헌동','관악구',29183032,3299335,3665782,3543354,3470353,5021677,5288651,4893878,16259016,12001006,7501840,13674506,7083674);
INSERT INTO AnalSales values('염리동','마포구',32357648,4331199,4354290,4563090,4651061,4944510,5440163,4073333,17517029,12415453,7305788,14071375,8555317);
INSERT INTO AnalSales values('암사2동','강동구',82050922,9772762,10883002,11305392,11268453,13134540,15706985,9979784,43504820,35453902,9096353,50546504,19315864);
INSERT INTO AnalSales values('상계1동','노원구',54926956,5164364,5978050,6447060,6477550,8954830,11123870,10781229,34235157,18764763,5334904,26154281,21510733);
INSERT INTO AnalSales values('구의1동','광진구',46007195,5288160,6159259,5858828,5908456,7436309,7536117,7820063,29388788,16072892,15144585,21778419,8538674);
INSERT INTO AnalSales values('창3동','도봉구',23172029,2154144,2935643,2746715,2929044,3972630,4451704,3982147,12068957,11047985,4091121,13210520,5815298);
INSERT INTO AnalSales values('신당5동','중구',22333766,2164150,3184814,3146766,3266801,3689878,3645557,3235796,13175346,8516455,5631272,9230271,6830257);
INSERT INTO AnalSales values('잠실6동','송파구',67237291,10792415,11557553,11321450,12466729,9194988,6620089,5284065,38838037,24755602,7570347,40416608,15606683);
INSERT INTO AnalSales values('신월1동','양천구',31881372,2981687,4171206,4048556,3862890,4979207,6102477,5735346,19178756,12369591,4856657,18389013,8302676);
INSERT INTO AnalSales values('수유3동','강북구',27730022,2920060,3554363,3644300,3359317,4759250,5027021,4465708,15227546,11627340,7574530,12836433,6443920);
INSERT INTO AnalSales values('미성동','관악구',35121961,3069159,4163664,4582807,4299926,6013224,6603636,6389541,18765632,15989564,7752324,17064904,9937966);
INSERT INTO AnalSales values('명일1동','강동구',30783669,3087205,3201006,3957356,3757622,5144405,6140320,5495751,16968038,13168286,5157211,14842644,10136467);
INSERT INTO AnalSales values('성수1가2동','성동구',30091127,3473964,4039542,4469508,4232286,4791561,4841652,4242612,15910830,10373333,6688796,13528488,6066878);
INSERT INTO AnalSales values('가락2동','송파구',27551900,2788249,3082083,3325781,3240875,4934638,5255125,4925146,14931266,12100188,5667550,13864877,7499024);
INSERT INTO AnalSales values('암사1동','강동구',86760545,9646414,11675579,10683308,11840224,14871325,14624627,13419066,49824397,35101463,14252603,43367556,27305699);
INSERT INTO AnalSales values('독산1동','금천구',62807554,7925133,8837293,9000542,8298105,12006925,8638221,8101331,37934880,19561796,14321287,29911138,13264250);
INSERT INTO AnalSales values('중곡2동','광진구',27111442,2814993,3079092,3404363,3271928,4521830,5040444,4978788,15474513,11390076,4825902,15290053,6748634);
INSERT INTO AnalSales values('을지로동','중구',35655705,5407660,5907594,5892479,6053381,7700216,4635491,58881,18816219,9001668,5778976,13148457,8890452);
INSERT INTO AnalSales values('쌍문3동','도봉구',34535133,4439434,4210564,4425773,4461903,6201495,5362582,5433379,17769703,16765430,7963986,16919414,9651730);
INSERT INTO AnalSales values('용신동','동대문구',122976725,18306239,21397462,19918752,24094053,19695758,15852275,3712184,66774857,35821669,15037963,52715761,34842801);
INSERT INTO AnalSales values('목2동','양천구',73715937,10278908,9994039,9513153,9842851,10939523,11693885,11453574,50541836,21650893,14699355,39880121,17613250);
INSERT INTO AnalSales values('송천동','강북구',44073014,5303389,5845201,5673841,5768585,6666893,7941620,6873481,25067139,18758976,4845011,20239690,18741412);
INSERT INTO AnalSales values('신정2동','양천구',22969593,1955421,2855679,2679000,3022910,4217546,4286821,3952212,12713214,9784614,3626774,11518333,7352717);
INSERT INTO AnalSales values('왕십리2동','성동구',42275885,4209777,5186444,5553705,5712871,8620342,7800274,5192471,21010002,17430881,7552463,18192540,12695879);
INSERT INTO AnalSales values('등촌2동','강서구',52674685,6196322,6500057,5946898,6775498,9725033,8949092,8581783,27991114,22420634,8550797,27186154,14674795);
INSERT INTO AnalSales values('정릉4동','성북구',46857974,5032307,5629743,6145259,5707823,7819955,8299498,8223386,23443050,21545105,8072313,24312429,12603411);
INSERT INTO AnalSales values('도봉1동','도봉구',40584228,4381222,5100054,4800116,5273321,6278281,7780598,6970633,20890023,18947447,9918384,18622575,11296510);
INSERT INTO AnalSales values('미아동','강북구',19020115,2169869,2176545,2558975,2324040,3293707,3287218,3209757,10991296,7810502,5173821,8731462,4896514);
INSERT INTO AnalSales values('이문1동','동대문구',17311970,2301751,2015035,2308289,2225014,2837950,3002273,2621655,10387538,6737308,7505683,6163473,3455688);
INSERT INTO AnalSales values('신정7동','양천구',37187678,3881558,4861380,4547207,4951612,6166654,6957977,5821287,20755613,14938929,8272085,15441520,11980935);
INSERT INTO AnalSales values('연희동','서대문구',148660144,15610925,16617507,20810141,16754064,24229179,28168859,26469467,79295880,68171745,34625945,69370181,43471497);
INSERT INTO AnalSales values('방화1동','강서구',25926844,2648264,3066609,3070525,3612400,3894017,4633837,5001190,14501808,10264250,5507669,12783735,6474652);
INSERT INTO AnalSales values('창신2동','종로구',45131402,3914778,6321875,5914686,6266780,8195105,8781701,5736474,28250830,16205388,11573358,19096402,13786456);
INSERT INTO AnalSales values('한남동','용산구',63297661,7773872,8568107,8720063,9941816,10489977,11134119,6669705,31125627,24285972,14523160,30342736,10545702);
INSERT INTO AnalSales values('고덕1동','강동구',35649062,3901077,4043376,3994111,4645414,7492504,6247618,5324960,19622204,15131056,3388333,19684850,11680074);
INSERT INTO AnalSales values('청량리동','동대문구',23866513,2602315,3146432,3009764,3034673,4172993,4144019,3756314,12870041,10630222,5423396,12129529,5947336);
INSERT INTO AnalSales values('화곡3동','강서구',29531440,3059591,3843819,3747409,3790778,5301346,5029992,4758500,15910491,12935564,6252102,14676320,7917632);
INSERT INTO AnalSales values('신사2동','은평구',35072390,3506659,4523570,4725617,4609194,6236806,6217335,5253205,20968089,13305344,4800737,15459065,14013629);
INSERT INTO AnalSales values('옥수동','성동구',62343631,6757741,7915409,8675854,8969285,11254957,11876791,6893592,34265695,20946809,8210292,27477302,19524909);
INSERT INTO AnalSales values('장안1동','동대문구',29612945,3123110,3884388,3783200,3886838,4818931,5366004,4750471,15834783,12557587,6287050,15112886,6992432);
INSERT INTO AnalSales values('상봉2동','중랑구',25433012,2918266,3251861,3098876,3407441,4106919,4523821,4125825,15724670,8925570,6291231,11089695,7269312);
INSERT INTO AnalSales values('당산1동','영등포구',54231944,6972163,7527453,8478579,7528438,9565017,7661333,6498958,29230679,19063992,10973365,25873982,11447322);
INSERT INTO AnalSales values('염창동','강서구',45761289,4413571,6263186,6500082,6448380,8746110,8632065,4757892,24580031,19687083,6657197,25641865,11968049);
INSERT INTO AnalSales values('보라매동','관악구',27641049,3123716,4108918,3642664,4051701,4668609,4569724,3475714,15688228,9839098,9287266,11889870,4350188);
INSERT INTO AnalSales values('노량진1동','동작구',28231924,2802130,3659694,3474970,3612252,4832755,5270385,4579736,18479600,8922792,11405152,10223202,5774034);
INSERT INTO AnalSales values('청룡동','관악구',33106569,3811986,3913703,4354946,4483526,5542325,5469260,5530820,20092687,12170479,9825802,15588492,6848871);
INSERT INTO AnalSales values('불광2동','은평구',36254240,3309924,4798598,4712724,4853974,6307834,6583577,5687606,18784552,17262048,9074331,17391832,9580436);
INSERT INTO AnalSales values('명일2동','강동구',46407698,4303195,5683912,6547681,6225949,8563866,8288304,6794788,24281871,21205535,8438627,24288970,12759806);
INSERT INTO AnalSales values('대조동','은평구',21970042,2529076,2990348,3036353,2925174,3744549,4026042,2718496,11202668,10458150,4867439,10850754,5942623);
INSERT INTO AnalSales values('하계1동','노원구',32419845,3775233,3925279,3799548,3687870,5467749,6109276,5654885,14151296,16747045,7239477,14623046,9035815);
INSERT INTO AnalSales values('남영동','용산구',32303244,4518931,4232604,4408558,5263893,5282923,4813223,3783109,17164975,10424653,8553693,13431420,5604513);
INSERT INTO AnalSales values('서림동','관악구',44234173,4545259,5646013,5848930,5585378,6606415,8221003,7781172,27882436,15128039,14568166,17918813,10523494);
INSERT INTO AnalSales values('개봉1동','구로구',22536425,2341163,2965845,2594889,2802886,3644406,4263276,3923956,12699071,9197189,4136764,10997802,6761693);
INSERT INTO AnalSales values('제기동','동대문구',29626543,3853606,4213352,3611597,3876938,4721678,5346789,4002581,17773331,11378742,5543972,15345463,8262637);
INSERT INTO AnalSales values('월곡2동','성북구',21674087,2473294,2597450,2533072,2970695,3926841,3971598,3201136,11482356,10045209,4565100,12156304,4806159);
INSERT INTO AnalSales values('잠원동','서초구',63756788,7952335,8766442,8963324,10847146,10773344,8307409,8146786,38649974,16175102,11875310,27300561,15649203);
INSERT INTO AnalSales values('신월4동','양천구',18522657,1973309,2286496,2358773,2580046,2987998,3329235,3006798,11701289,6238294,2693805,9599492,5646284);
INSERT INTO AnalSales values('이문2동','동대문구',71590429,6631588,9609990,8007103,8899307,11965113,13084209,13393115,33629176,35420046,23204256,26253309,19591656);
INSERT INTO AnalSales values('발산1동','강서구',23337349,1874845,3047487,2657574,3060421,4235966,4474012,3987041,12346841,9933373,3592137,12541931,6146144);
INSERT INTO AnalSales values('신대방1동','동작구',19814408,2011849,2390176,2566566,2481170,3770643,3494230,3099770,10214528,9245062,5531313,9034977,4893298);
INSERT INTO AnalSales values('석촌동','송파구',40187617,4648300,5383987,5165053,4382870,5956841,6943314,7707249,23378988,13916555,5553284,20080606,11661651);
INSERT INTO AnalSales values('성내3동','강동구',34765073,4146067,4634532,4290238,4476267,5377049,6114075,5726842,21313431,12681612,7108966,17051465,9834610);
INSERT INTO AnalSales values('묵1동','중랑구',58825712,5262076,5799112,7575689,7587745,12935891,11436165,8229030,33737211,24702835,9875938,34006565,14557541);
INSERT INTO AnalSales values('사당3동','동작구',27270767,3364753,2509530,3628472,3432538,4270182,4914128,5151161,14101661,12938533,8237204,12853156,5949831);
INSERT INTO AnalSales values('신원동','관악구',20809996,2361306,2613225,2541020,2848522,3486872,3625610,3333436,12051845,8569767,8503286,8442165,3676158);
INSERT INTO AnalSales values('개봉3동','구로구',26018278,2602139,2933181,2813720,3529550,4935195,4997436,4207054,14054302,11723441,3654849,14515614,7607278);
INSERT INTO AnalSales values('구로2동','구로구',71341328,7829454,9117455,8143225,8356084,13118714,11819988,12956405,36283643,28586340,13129886,34142770,17597327);
INSERT INTO AnalSales values('한강로동','용산구',64693697,9436988,11304761,10186935,11900031,10154051,7149986,4560942,39210331,10749417,8551723,27223139,14184885);
INSERT INTO AnalSales values('면목7동','중랑구',47657650,4679138,6050073,5719550,5527214,7471075,9367028,8843568,25356945,22186129,11431721,23795582,12315769);
INSERT INTO AnalSales values('시흥4동','금천구',23619325,2550118,3260013,3142520,3160892,3930960,3946414,3628405,12416545,10650192,3190964,12648762,7227008);
INSERT INTO AnalSales values('불광1동','은평구',45079242,3183192,5870101,7017942,6253658,7514924,9099035,6140389,27114621,15456795,3672470,17537494,21361452);
INSERT INTO AnalSales values('보광동','용산구',40830945,4554455,4250899,5326371,5028302,6848328,7202218,7620370,21269719,16795298,11280422,17764407,9020186);
INSERT INTO AnalSales values('암사3동','강동구',31578413,3192316,3487231,4998210,3811702,5357738,5819431,4911782,17740083,12566866,4533962,13825767,11947218);
INSERT INTO AnalSales values('개포2동','강남구',65788645,7177494,8596615,7301149,8599432,11430758,11978862,10704332,35715343,26865145,12251297,28530294,21798895);
INSERT INTO AnalSales values('신당동','중구',15463682,1542729,1834783,2335430,2009236,2531679,2478250,2731572,9402789,5116990,4418917,6369322,3731539);
INSERT INTO AnalSales values('천호1동','강동구',22678305,2628178,2581792,3006128,3039734,3567363,4100733,3754375,13789310,8369181,4184030,11324960,6649498);
INSERT INTO AnalSales values('도곡2동','강남구',38945071,5099054,6021795,6287078,6966219,6231227,4586065,3753630,20279645,10182053,6846153,15774346,7841198);
INSERT INTO AnalSales values('대흥동','마포구',19140777,2103947,2946291,2598935,2818026,3274999,3171550,2227026,10982104,7002176,5813739,7166448,5004092);
INSERT INTO AnalSales values('중곡1동','광진구',23109269,2223776,2695644,2788346,3079157,3816147,3938180,4568015,14193975,8631672,4782998,12062791,5979856);
INSERT INTO AnalSales values('상계6.7동','노원구',28956839,3133351,3844094,4223673,3971537,4562529,5191889,4029763,15939122,10858664,5427383,13867522,7502880);
INSERT INTO AnalSales values('성수1가1동','성동구',34020158,3745059,2786182,3919862,4419444,5496081,6805658,6847870,17308141,14622967,11497129,13525878,6908099);
INSERT INTO AnalSales values('목3동','양천구',40950332,4317983,4823433,4871670,5003216,7698516,7549793,6685717,24391828,15262659,8175928,20099209,11379348);
INSERT INTO AnalSales values('중앙동','관악구',40471057,4548878,5502747,5499454,4745578,6914263,6822831,6437304,23852242,16283961,10659370,17881930,11594900);
INSERT INTO AnalSales values('상일동','강동구',18228103,1518910,2352486,2563757,2557337,2874779,3289903,3070927,10950102,6922833,3637608,9048049,5187277);
INSERT INTO AnalSales values('화곡본동','강서구',30051891,2929461,4182554,4064951,4165408,5188387,5356494,4164633,15987018,13570592,5805337,16506041,7246231);
INSERT INTO AnalSales values('숭인2동','종로구',74275923,8062959,8950700,9139420,8782277,10432551,14376867,14531146,50209442,22870067,13031924,24922766,35124815);
INSERT INTO AnalSales values('고척1동','구로구',10899952,1261002,1506813,1386335,1480900,2028237,1760395,1476267,6299261,3792603,2840650,4714425,2536789);
INSERT INTO AnalSales values('월계1동','노원구',17898552,1909123,2258478,1761065,2311237,3217747,3384704,3056195,10036225,7782042,2210549,10520444,5087272);
INSERT INTO AnalSales values('상도4동','동작구',34671185,3291092,4089593,4273338,4325949,5615535,6667488,6408188,17820754,16341627,7046450,17062028,10053901);
INSERT INTO AnalSales values('성수2가1동','성동구',33012822,3731796,4317009,4428384,4507846,5046422,5242237,5739125,20817295,10579790,5988452,15654980,9753650);
INSERT INTO AnalSales values('신정4동','양천구',32955358,3974840,4690975,4603761,4790736,6019674,5343151,3532219,18565272,13158628,5631208,15734204,10358487);
INSERT INTO AnalSales values('문정1동','송파구',48636975,6457894,6194857,6928865,8014709,8186950,7490540,5363157,31083344,12543057,7635612,23635367,12355419);
INSERT INTO AnalSales values('망우3동','중랑구',22575319,2564263,3260627,2950568,2823946,3498845,3827857,3649210,12698243,8940313,3462941,12534115,5641498);
INSERT INTO AnalSales values('성산2동','마포구',38712859,3308654,4550685,5911797,5799006,7079261,7034307,5029146,22887497,13335955,4879379,19491734,11852336);
INSERT INTO AnalSales values('삼전동','송파구',27316940,3165255,3343998,3750496,3731875,4655959,4674653,3994700,16272242,10003446,5476698,15210844,5588145);
INSERT INTO AnalSales values('신림동','관악구',25087197,3110303,3005628,3307974,3189003,4193650,4294598,3986038,15780557,8688820,9116227,10803702,4549447);
INSERT INTO AnalSales values('구의3동','광진구',23417484,2802418,2830342,2627965,2799982,3817407,4345667,4193701,12736218,9521731,7390132,9487372,5380444);
INSERT INTO AnalSales values('조원동','관악구',14623796,1516413,2023326,1897860,2112697,2645561,2487332,1940605,8742451,5501100,3415364,7608879,3219306);
INSERT INTO AnalSales values('북가좌2동','서대문구',16733138,1875928,1686239,2133899,2124609,2800885,3138099,2973477,9053210,7534595,2497936,9241606,4848261);
INSERT INTO AnalSales values('창신1동','종로구',35821940,3863669,5448783,5731413,5367049,6039187,5339297,4032538,20577362,12574093,9256760,15781512,8113181);
INSERT INTO AnalSales values('아현동','마포구',83828254,8764975,11851750,12506233,12133086,14583205,12855633,11133369,41243081,33427726,15537731,39011481,20121593);
INSERT INTO AnalSales values('석관동','성북구',20842697,2357625,2892507,2888876,2893487,3245618,3759048,2805532,12814172,7213760,3757945,9306087,6963898);
INSERT INTO AnalSales values('청림동','관악구',41024900,4742968,5125194,4925452,4619686,6750278,7816956,7044364,22527025,18157415,6349370,23922911,10412159);
INSERT INTO AnalSales values('대림3동','영등포구',29968141,3225205,4122480,4041895,3894943,4816815,5466851,4399947,17608659,11844956,4209944,16666351,8577318);
INSERT INTO AnalSales values('종암동','성북구',53991484,6670224,6277274,7368301,7362406,10134165,10522949,5656161,25985902,17506328,7602272,23157775,12732181);
INSERT INTO AnalSales values('신길3동','영등포구',55394419,5515313,6385079,7082034,8368343,9595145,11067308,7381194,33604589,17278783,6405016,28931307,15547048);
INSERT INTO AnalSales values('홍제1동','서대문구',32184777,3129724,4139731,4501499,3600418,5175659,6108702,5529041,18365445,12747281,7686092,14337117,9089515);
INSERT INTO AnalSales values('성산1동','마포구',89861984,10527409,11225410,11573800,10775207,14742364,15357490,15660302,47862936,36629755,23361811,42508176,18622701);
INSERT INTO AnalSales values('사당5동','동작구',51390539,5265904,6603346,6896146,6381732,8011550,9612083,8619776,30351527,18525120,15820138,23078756,9977752);
INSERT INTO AnalSales values('상계5동','노원구',20614722,2446812,3005588,1780972,2491576,3135854,3866549,3887368,11772142,8567398,4012644,10828917,5497977);
INSERT INTO AnalSales values('대방동','동작구',24216554,2957339,3047279,3291996,3435414,4606156,3543539,3334829,13322757,8734041,5771542,11591980,4693273);
INSERT INTO AnalSales values('상도2동','동작구',37167340,2530347,6301685,5807470,4516687,6798520,7952013,3260615,22658022,13320667,2890836,16766949,16320902);
INSERT INTO AnalSales values('난향동','신림동',22077418,1230405,2402862,2967380,3193665,4212548,4048823,4021733,12187283,9131813,3959900,11789811,5569383);
INSERT INTO AnalSales values('중화2동','중랑구',11520939,1234104,1467412,1614368,1506864,1864405,1987985,1845797,6658663,4739928,2341561,5301350,3755679);
INSERT INTO AnalSales values('신길7동','영등포구',30561884,2973706,3740371,3830881,3400428,5216025,5949599,5450871,16660411,13438776,7220621,15396291,7482272);
INSERT INTO AnalSales values('자양1동','광진구',14749893,682568,1981300,2140610,1904701,2391943,3111006,2537762,7963752,6087958,2782090,7455804,3813814);
INSERT INTO AnalSales values('수궁동','구로구',25352947,3355310,3159339,3769843,3811524,4332235,4001159,2923534,15388528,9321326,4915194,13124884,6669775);
INSERT INTO AnalSales values('응암1동','은평구',23317598,2799437,2499678,2804450,2843919,3900511,4599859,3869741,12393046,10392195,3707800,13580177,5497262);
INSERT INTO AnalSales values('홍제2동','서대문구',17416446,1929112,1901548,1956596,1979793,3010317,3564752,3074324,7971470,9374529,4957328,7836723,4551946);
INSERT INTO AnalSales values('장안2동','동대문구',17211703,1965212,2219725,2010000,2090837,3036056,3117559,2772312,9313857,7399570,2357104,10232881,4123440);
INSERT INTO AnalSales values('당산2동','영등포구',93119458,12219780,13662083,11141507,12530934,15940408,14238618,13386127,53755284,38063361,22870898,44135897,24811849);
INSERT INTO AnalSales values('합정동','마포구',30494899,3644055,4532271,3990901,4747163,4620520,4917690,4042296,17366726,10133548,7374823,13433943,6691506);
INSERT INTO AnalSales values('방배4동','서초구',26369105,3541456,3101438,3557939,3346572,4650662,4317158,3853876,13366471,10110651,3846083,12362505,7268533);
INSERT INTO AnalSales values('마천2동','송파구',17791041,1668468,2189874,2343885,2247693,2704774,3602007,3034337,10567441,6751314,3328561,7995735,5994456);
INSERT INTO AnalSales values('신길1동','영등포구',21249172,2383959,1955527,2612318,2591950,3080584,4852408,3772425,11950754,8079125,6817269,9257341,3955267);
INSERT INTO AnalSales values('구로5동','구로구',32117363,4545553,4042335,4426824,3991289,5268885,5401446,4441028,20649575,9617528,6368751,15688336,8210014);
INSERT INTO AnalSales values('용강동','마포구',54243842,7142425,10173470,8656079,8969345,10020031,5189670,4092819,28888152,11907940,6407777,25351109,9037205);
INSERT INTO AnalSales values('원효로2동','용산구',48398411,5840432,6720173,6395338,7914330,6891538,8306744,6329852,29672756,13028040,12270753,22566382,7863659);
INSERT INTO AnalSales values('방배2동','서초구',42801463,4701020,5925612,5407050,5559770,7573752,7758257,5875999,25359111,14242918,6896832,20839841,11865355);
INSERT INTO AnalSales values('등촌1동','강서구',15668689,1877248,2184878,2433363,1830265,2752031,2768051,1822849,8769261,6513202,3416504,7614847,4251110);
INSERT INTO AnalSales values('망우본동','중랑구',27122649,3219305,3006024,3331747,3297890,4382257,4896385,4989038,14693736,12311256,4929478,13948164,8127349);
INSERT INTO AnalSales values('보문동','성북구',12201215,1377952,1504394,1541120,1550882,1700918,2251373,2274573,6653285,5193442,3526528,5254594,3065603);
INSERT INTO AnalSales values('자양2동','광진구',24515361,2070463,2635190,2984875,3196957,4388309,5385996,3853567,12256159,11607387,6206195,14287114,3370234);
INSERT INTO AnalSales values('답십리1동','동대문구',76133940,8158979,11754881,9737869,8147957,12892896,12118605,13322750,43656229,30163107,6371850,51925478,15522006);
INSERT INTO AnalSales values('독산2동','금천구',17931375,2209131,2574233,2162392,2520366,2895466,3147399,2422385,10408332,7361827,5085422,8539075,4145661);
INSERT INTO AnalSales values('신월2동','양천구',23844341,2459602,3256214,3238691,3186851,4068367,3943847,3690766,13194205,10327002,3286732,14526357,5708116);
INSERT INTO AnalSales values('답십리2동','동대문구',16033412,1916609,1991564,1736656,2010181,2698540,2919625,2760234,9517668,6330033,3600137,8367682,3879881);
INSERT INTO AnalSales values('창5동','도봉구',9340672,900109,1191100,1134467,1218962,1682770,1759789,1453473,5375650,3834013,1773448,4996156,2440057);
INSERT INTO AnalSales values('독산3동','금천구',27325027,2949615,3911638,4028639,3803152,4781110,4551236,3299634,15259968,10474599,4230694,11811972,9691899);
INSERT INTO AnalSales values('공덕동','마포구',17432553,1722816,2775983,2311809,2781380,2625035,2962943,2252585,9351892,7033151,2048921,8697495,5638624);
INSERT INTO AnalSales values('정릉2동','성북구',23525520,2661412,3135307,3308731,2743370,4003172,3691060,3982465,13741473,8879187,6307623,9632537,6680498);
INSERT INTO AnalSales values('홍은1동','서대문구',10442040,953391,1225305,1401158,1472179,1822883,2045269,1521852,5623259,4523722,1982328,4903272,3261378);
INSERT INTO AnalSales values('이태원1동','용산구',40104060,3218084,5349746,4981565,4951563,6223108,7880366,7499623,20387779,16330914,9490116,16244432,10984142);
INSERT INTO AnalSales values('고덕2동','강동구',47155168,6383174,7729479,6434054,10046315,7717751,6116051,2728340,30638816,13128640,2619512,18907418,22240523);
INSERT INTO AnalSales values('일원1동','강남구',31254227,2389936,3429602,4243499,3948921,5579016,6232246,5431004,16711854,13613241,6363252,15831524,8130316);
INSERT INTO AnalSales values('다산동','중구',23158732,2015641,2609338,3187910,3208519,3847839,4087819,4201663,12533731,10041405,8131191,9345079,5098864);
INSERT INTO AnalSales values('증산동','은평구',27061109,2553113,3574252,3437722,3503603,4590827,4723797,4677792,16304650,10194018,4179154,13735368,8584143);
INSERT INTO AnalSales values('풍납1동','송파구',19490751,2712293,2272874,2896756,2194522,3136308,3561484,2716511,11501251,7381811,2819422,7370899,8692740);
INSERT INTO AnalSales values('목4동','양천구',25324529,2907038,3544247,3247203,3206840,4705166,4685514,3028518,14243653,10641808,4163277,13178037,7544145);
INSERT INTO AnalSales values('방학3동','도봉구',28200349,1883762,2676385,3607896,4002743,5563780,5461962,5003816,16582355,11302170,4778031,13421614,9684879);
INSERT INTO AnalSales values('회현동','중구',19576826,2880809,3232805,3189999,3052020,3565054,2228405,1427731,9498191,5526722,2947275,7044391,5033245);
INSERT INTO AnalSales values('영등포본동','영등포구',45437368,5086467,4798563,4624654,5594778,8265338,8224541,8843024,21576787,20469706,17968290,17692119,6386083);
INSERT INTO AnalSales values('도곡1동','강남구',34446489,5570508,6554363,5452073,5930804,6818200,3281347,839192,16283289,9379236,3683189,14570174,7409161);
INSERT INTO AnalSales values('후암동','용산구',29549915,1862970,4323450,3738476,4095322,5550771,5274190,4704733,17292158,11161072,5734937,15450437,7267853);
INSERT INTO AnalSales values('길음2동','성북구',31521840,3198460,4548120,4116138,3488854,5455219,6010791,4704256,18377609,13091696,4329247,14895051,12245004);
INSERT INTO AnalSales values('수유2동','강북구',23803711,2671470,3298675,3157469,2970559,4295664,3777691,3632179,12878895,10708583,4184634,12407550,6995292);
INSERT INTO AnalSales values('청구동','중구',26510527,3926981,2887791,3381323,2905341,4001344,4788635,4619110,14522566,10983376,7217517,12911044,5377380);
INSERT INTO AnalSales values('송파1동','송파구',10896474,1618773,1484857,1516186,1550729,1097753,1916154,1712018,5948706,4771982,3576973,5342545,1801167);
INSERT INTO AnalSales values('방학1동','도봉구',8934485,955893,1165173,1264488,1116991,1454929,1538401,1438608,5627555,3243288,1807847,3930165,3132829);
INSERT INTO AnalSales values('송정동','성동구',22396794,1970539,3269366,3521213,4226133,3133224,3408020,2868298,11225370,11171424,2817970,7963765,11615057);
INSERT INTO AnalSales values('개봉2동','구로구',16575496,1859149,1906575,1865973,2015096,2966048,2986639,2976014,9133615,7380481,1946134,9610123,4957837);
INSERT INTO AnalSales values('수색동','은평구',16447012,1112303,2147439,1914301,1799600,2945731,3143605,3384032,8912284,7236328,1925647,9541808,4681155);
INSERT INTO AnalSales values('가리봉동','구로구',15359094,2071810,2196615,1971349,1912050,2461124,2240982,2505162,8618686,5606020,2913362,7378829,3932514);
INSERT INTO AnalSales values('황학동','중구',10617407,1222963,1305696,1296529,1678404,1824903,1915409,1373499,7043102,3139519,1661092,5586899,2934629);
INSERT INTO AnalSales values('신정3동','양천구',14509931,1274364,2084866,1897218,1736059,2664505,2433177,2419740,8370083,5836067,1658397,6907052,5640699);
INSERT INTO AnalSales values('천연동','서대문구',33149519,2970182,3711906,4153905,4321068,6571644,5903209,5517601,16159164,15243532,6620434,16039256,8743003);
INSERT INTO AnalSales values('성수2가3동','성동구',52232382,6352937,9277052,8367634,10257466,8378131,5791734,3807425,32287079,9500953,8107543,24264343,9416143);
INSERT INTO AnalSales values('이촌2동','용산구',16566446,1716652,1615751,2230570,2037379,2546696,3542505,2876892,7271740,8345193,3974743,7133912,4508276);
INSERT INTO AnalSales values('중곡3동','광진구',20041944,1653636,2717081,2452960,2655656,3053402,3640981,3868225,11484494,8527289,4956506,8438570,6616706);
INSERT INTO AnalSales values('가회동','종로구',43849201,3858879,6522108,7261044,7721617,8350110,6890894,3244545,18236396,18605595,2159987,18881935,15800066);
INSERT INTO AnalSales values('신사1동','은평구',15602788,2005446,2131991,1953227,1990070,2369067,2509925,2643059,9816035,5786752,2611951,7705855,5284978);
INSERT INTO AnalSales values('우장산동','강서구',44655249,5969217,5332447,4930565,5251789,6590000,8236759,8344470,20385446,22560919,9779071,22257762,10909530);
INSERT INTO AnalSales values('장위2동','성북구',12034176,1093640,1359817,1683218,1807349,2792998,1679009,1618141,7315175,4719001,1259959,4861486,5912728);
INSERT INTO AnalSales values('교남동','종로구',7114007,959766,1119937,929148,1036220,1431819,839175,797938,4097416,2594068,1505789,2578073,2607620);
INSERT INTO AnalSales values('창2동','도봉구',11013629,1338450,1103387,1386440,1135691,1919220,2060896,2069542,5084317,5768882,1406710,6692714,2753773);
INSERT INTO AnalSales values('방이1동','송파구',27235862,3519051,3939081,3629244,3443860,5669114,4767475,2268034,16735750,5367055,1699567,8799248,11603988);
INSERT INTO AnalSales values('휘경2동','동대문구',18130219,2043706,2212330,2797079,2784499,3395672,2613687,2283244,12883058,5247161,9343059,4798407,3988751);
INSERT INTO AnalSales values('홍제3동','서대문구',6994342,1087785,1007295,938139,1081579,1199363,1280437,399740,4215860,2672678,941556,3129677,2817301);
INSERT INTO AnalSales values('우이동','강북구',15968075,1789414,2517600,1906184,1677771,2381405,2786332,2909367,10915136,4883329,3163870,7552425,5082169);
INSERT INTO AnalSales values('도림동','영등포구',15047736,1290909,2091676,1809649,2141120,2540749,3126730,2046900,9380437,5434003,3227646,7844486,3742306);
INSERT INTO AnalSales values('시흥3동','금천구',21455869,2476367,3221823,2846499,2578277,3772550,3294786,3265563,13832568,7007599,2524696,8270589,10044880);
INSERT INTO AnalSales values('묵2동','중랑구',15764262,1534804,1815372,1971532,1966622,2763189,2963155,2749586,8274125,6937562,2637582,8712576,3861528);
INSERT INTO AnalSales values('신월5동','양천구',11179171,1086770,1396834,1427559,1386394,1966423,2001618,1913571,6165993,4663628,2269404,5627774,2932440);
INSERT INTO AnalSales values('녹번동','은평구',18506994,2028446,2713504,2691065,2799856,2924009,2864133,2485978,12512882,5904000,2571984,10779264,5065633);
INSERT INTO AnalSales values('노량진2동','동작구',19314861,1607061,2951117,2557256,2988221,3146766,3587406,2477030,12146801,6206384,4961352,7609831,5782001);
INSERT INTO AnalSales values('구산동','은평구',18988973,1677061,2576579,2476556,2396338,3334613,3466040,3061783,9765493,9121044,2576409,10341442,5968685);
INSERT INTO AnalSales values('시흥5동','금천구',23747251,2330345,2912812,3209598,3264157,3799433,4069005,4161898,15115535,8592876,3276916,10989098,9442396);
INSERT INTO AnalSales values('신길4동','영등포구',30994398,2989985,1249512,3872005,3898720,6157092,6336637,6490444,18359355,12338285,7099143,18890043,4708453);
INSERT INTO AnalSales values('월곡1동','성북구',7563579,687785,1231382,863080,960172,1281357,1429242,1110558,5609074,1613352,752654,2807220,3662550);
INSERT INTO AnalSales values('마장동','성동구',32680996,3187034,3508669,3945632,4024496,5322840,7954681,4737641,16197965,14034702,7569312,12162382,10500972);
INSERT INTO AnalSales values('은천동','관악구',16502808,1696802,1996757,2414877,2038121,2573003,2663902,3119342,9915786,6381275,3401525,8491194,4404340);
INSERT INTO AnalSales values('광장동','광진구',21089992,2062465,2500151,2766114,2448494,4197324,3668719,3446721,10285005,9414291,3479244,9959688,6260362);
INSERT INTO AnalSales values('능동','광진구',23867983,2299763,2666356,3085593,2586843,6304284,4033164,2891976,13958447,7069183,3152058,9645769,8229802);
INSERT INTO AnalSales values('인수동','강북구',16559614,1822785,2193270,2146695,3120540,2098002,2476956,2701363,9480177,7007456,2551051,7623519,6313061);
INSERT INTO AnalSales values('원효로1동','용산구',10768611,1290424,1792568,1786829,1783260,1965954,1432269,717303,6011815,2872363,2179232,4679592,2025352);
INSERT INTO AnalSales values('신수동','마포구',9117389,1121672,1327960,1160073,1541555,1392929,1376045,1197152,5589118,2651469,866573,3890811,3483202);
INSERT INTO AnalSales values('방학2동','도봉구',15523298,1637530,2476089,1841414,1976879,2279872,2911963,2399549,7921220,7398990,2335576,6771613,6213018);
INSERT INTO AnalSales values('연남동','마포구',12055936,998088,1632017,1433765,1485044,2268716,2698588,1539714,6596831,5097952,2814167,6050283,2830333);
INSERT INTO AnalSales values('신월6동','양천구',16364333,1994725,1599122,2269717,2228598,3133169,2791001,2347996,10581717,5139287,2821311,8599012,4300679);
INSERT INTO AnalSales values('서강동','마포구',20482017,2530563,2088371,2543697,2800913,4036641,3570371,2911460,12412692,7219965,5038786,9747542,4846329);
INSERT INTO AnalSales values('삼성동','강남구',15664102,1727298,2195114,2183031,1943080,2297309,2599405,2718862,11326717,3914451,1439582,7426536,6375049);
INSERT INTO AnalSales values('숭인1동','종로구',12211183,1301414,977756,1743998,1370455,2388519,2204941,2224097,6822990,4884548,4090190,5223847,2393500);
INSERT INTO AnalSales values('창1동','도봉구',22832874,2672366,2805937,2680897,2828274,3747930,4260858,3836609,11250041,11582833,4411941,10807647,7613283);
INSERT INTO AnalSales values('망원2동','마포구',39185686,4733399,6812868,8352353,5796084,7461678,3344201,2685100,17558884,16347789,8617599,19096137,6192936);
INSERT INTO AnalSales values('반포4동','서초구',25435802,3584677,3979506,4508486,5876687,4774764,470959,2240721,11115977,3231963,1905223,8185556,4257160);
INSERT INTO AnalSales values('양평1동','영등포구',13964004,1973556,2228826,1744499,1946686,2410277,1945368,1714789,8482425,4605754,2576593,7927038,2584546);
INSERT INTO AnalSales values('북가좌1동','서대문구',8783950,1140935,806752,1093078,898858,1663991,1681972,1498362,5398724,3039617,945106,3799283,3693951);
INSERT INTO AnalSales values('화곡2동','강서구',9280267,1277180,1000164,1437211,1001840,1255727,1709125,1599016,6291154,2839202,2721822,4723190,1685340);
INSERT INTO AnalSales values('휘경1동','동대문구',16442078,2222912,1715882,2186089,1806775,2525980,3049985,2934452,10605958,5836119,3858156,7959137,4624784);
INSERT INTO AnalSales values('면목2동','중랑구',15833037,2048950,1718961,2374076,1323927,2665615,3000017,2701489,8447628,6958404,5375498,6756488,3274044);
INSERT INTO AnalSales values('대림2동','영등포구',7320553,827047,535484,916783,997212,1162261,1313987,1567776,3573100,3699129,1342215,3814694,2115320);
INSERT INTO AnalSales values('방화2동','강서구',8839290,1019041,1272266,1239360,1019882,1414304,1594480,1279954,5416623,3255334,1787802,4061412,2822741);
INSERT INTO AnalSales values('쌍문2동','도봉구',5566131,491046,742486,905182,851196,1247731,822651,505837,3626053,1676805,3414104,1279383,609370);
INSERT INTO AnalSales values('도봉2동','도봉구',5462468,618534,811241,703297,654605,819496,884506,970787,3094852,2158553,601761,3373090,1278552);
INSERT INTO AnalSales values('상봉1동','중랑구',6430160,501081,788473,972033,1173671,996137,1462917,535846,3745524,2544648,407312,2719042,3163817);
INSERT INTO AnalSales values('방배3동','서초구',19527494,2422358,3228252,2151583,2822479,4096482,3123448,1682890,10204608,7609801,926764,8119322,8768321);
INSERT INTO AnalSales values('면목4동','중랑구',9767967,522552,1234137,1378185,1103773,1622935,2108950,1797433,5363294,4331220,2676202,4486219,2532091);
INSERT INTO AnalSales values('약수동','중구',3668039,391772,334226,527977,499798,720826,635695,557742,2072647,1563426,958011,1675628,1002432);
INSERT INTO AnalSales values('가양1동','강서구',4584574,548380,650462,610836,370068,900354,719097,785375,2272293,2050946,1148873,1830818,1343546);
INSERT INTO AnalSales values('삼각산동','강북구',31353369,2317884,2292682,4051108,3150588,6739586,7278684,5522835,15222937,16130432,2892124,21315410,7145833);
INSERT INTO AnalSales values('문래동','영등포구',48587347,4240103,5894584,4883512,6941621,9043688,8923798,8660041,22898955,20796887,2645569,35994920,5055355);
INSERT INTO AnalSales values('문정2동','송파구',9805326,1748512,3075620,1485105,2153871,996121,219018,127077,5543847,918821,897739,3480745,2084183);
INSERT INTO AnalSales values('고척2동','구로구',13708925,1504233,2664438,1985872,2681047,2239740,2633595,0,8312899,5396026,1355885,8156058,4196982);
INSERT INTO AnalSales values('장위1동','성북구',4970083,120487,642597,1214910,1144625,732961,0,1114503,3474037,1496046,341380,2781237,1847466);

commit;


/
